,mean_abs_shap
macd_hist_1h,0.30893853
dist_from_vwap_pct,0.2851109
bb_pctb_1h,0.27637076
bb_width_1h,0.2692267
atr14_1h_pct,0.2550935
rsi_14_1h,0.2340416
vol_ratio_5d_40d,0.204518
pub_hour_et,0.20250867
dist_sma50_pct,0.19381002
mom_5d,0.18509349
rv_short_5d,0.1768991
sector_mean_mom5d,0.16529188
dist_sma200_pct,0.16265544
sector_rel_mom5d,0.15336421
headlines_prior_24h,0.15279682
hours_since_prev_headline,0.08033704
p_neu,0.06558368
p_neg,0.06240019
sect_Technology,0.059405625
sect_Financials,0.05907121
p_pos,0.055439334
sect_Consumer,0.049079027
sent_score,0.046525035
sect_Energy,0.029756157
sect_Industrials,0.025625953
nt_other,0.01966754
sect_Healthcare,0.019634241
sect_Communication,0.017225893
relevance_tier,0.0152965905
nt_earnings,0.013509402
nt_product_business,0.008149614
nt_m&a,0.007260735
nt_analyst,0.004366615
nt_regulatory,0.0034143804
nt_dividend_buyback,0.0020617023
nt_macro,0.0007427639
spy_above_sma200,0.0
