event_id,ticker,signal,direction,severe,entry_ts,exit_ts,entry_fill,exit_fill,stopped,gross_ret,net_ret,spy_gross,excess_gross
META_1786394423_0,META,Random,short,False,2026-08-11 13:30:00+00:00,2026-08-11 15:30:00+00:00,596.41,602.2310977871293,True,-0.00976022834481216,-0.010366266293203141,-0.0026274507272292524,-0.012387679072041413
TSLA_1787040346_0,TSLA,Random,long,False,2026-08-18 13:30:00+00:00,2026-08-18 15:30:00+00:00,333.25,337.595,False,0.013038259564891241,0.012430618901351664,-0.0009300087147668945,0.013968268279658136
AMD_1786622859_0,AMD,Random,long,False,2026-08-13 13:30:00+00:00,2026-08-13 15:32:00+00:00,482.965,493.94,False,0.022724213969956386,0.022110763476722584,0.0017490190004130213,0.020975194969543365
CVX_1785759576_0,CVX,Random,long,False,2026-08-03 13:30:00+00:00,2026-08-03 15:38:00+00:00,194.545,194.875,False,0.0016962656454806435,0.0010954281373458663,0.008005443701717185,-0.006309178056236542
CAT_1785826859_0,CAT,Random,long,False,2026-08-04 13:31:00+00:00,2026-08-04 15:32:00+00:00,927.835,915.9122481576442,True,-0.012850077699543383,-0.013442190019227751,0.007965903568567079,-0.02081598126811046
BA_1786543620_0,BA,Random,short,False,2026-08-12 14:07:00+00:00,2026-08-12 16:45:00+00:00,229.65,230.74,False,-0.004746353146091842,-0.005349381866595726,0.00036901085668783473,-0.004377342289404007
AMD_1785876774_0,AMD,Random,short,False,2026-08-05 13:30:00+00:00,2026-08-05 15:30:00+00:00,484.0,493.47635539221017,True,-0.019579246678120166,-0.02019117780546531,-0.004936139500715142,-0.024515386178835308
MSFT_1785861191_0,MSFT,Random,long,False,2026-08-04 16:34:00+00:00,2026-08-04 18:34:00+00:00,495.94,496.94,False,0.0020163729483404502,0.0014153434334260862,0.0033785320278338915,-0.0013621590794934413
PFE_1785857464_0,PFE,Random,short,False,2026-08-04 15:32:00+00:00,2026-08-04 17:32:00+00:00,25.325,25.51147263681592,True,-0.007363184079602014,-0.007967783369836612,0.005016155930790189,-0.002347028148811825
XOM_1786330382_0,XOM,Random,short,False,2026-08-10 13:30:00+00:00,2026-08-10 15:40:00+00:00,154.5,155.735,True,-0.007993527508090681,-0.008598505117878297,0.0008993620352757414,-0.0070941654728149395
AMD_1785942989_0,AMD,Random,long,False,2026-08-05 15:17:00+00:00,2026-08-05 17:17:00+00:00,481.18,485.665,False,0.00932083627748459,0.008715425398981624,-0.0015660186886857774,0.010886854966170367
TSLA_1786440720_0,TSLA,Random,short,False,2026-08-11 13:30:00+00:00,2026-08-11 15:30:00+00:00,332.89,333.15,False,-0.000781038781579424,-0.0013816875994936417,-0.0026274507272292524,-0.0034084895088086764
AMZN_1785777308_0,AMZN,Random,long,False,2026-08-03 17:16:00+00:00,2026-08-03 19:16:00+00:00,283.78,283.49,False,-0.0010219183874831117,-0.0016211254743244696,0.0023197715917202544,-0.003341689979203366
AAPL_1786341655_0,AAPL,Random,short,False,2026-08-10 13:30:00+00:00,2026-08-10 15:30:00+00:00,306.74,306.515,False,0.0007335202451588252,0.00013378043536305118,0.0012811056329826709,0.002014625878141496
XOM_1785781964_0,XOM,Random,short,False,2026-08-03 18:33:00+00:00,2026-08-04 14:14:00+00:00,154.75,151.58,False,0.02048465266558963,0.019896767091516776,0.009483145474223242,0.029967798139812873
NFLX_1786482994_0,NFLX,Random,short,False,2026-08-12 13:30:00+00:00,2026-08-12 15:30:00+00:00,74.355,73.73,False,0.00840562167977943,0.007810486512237036,-0.003091399584371324,0.005314222095408105
META_1787140491_0,META,Random,long,False,2026-08-19 13:30:00+00:00,2026-08-19 15:30:00+00:00,541.34,550.41,False,0.016754719769460857,0.016144849898560576,0.0008177994703775227,0.015936920299083335
NFLX_1786372225_0,NFLX,Random,short,False,2026-08-10 14:31:00+00:00,2026-08-10 16:31:00+00:00,74.745,75.24086341937168,True,-0.006634068089794276,-0.007238229779154892,-0.0032215371703412377,-0.009855605260135514
META_1785795900_0,META,Random,long,False,2026-08-04 13:30:00+00:00,2026-08-04 15:30:00+00:00,581.635,583.085,False,0.002492972396778148,0.001891657007956793,0.008992545652945605,-0.006499573256167457
GOOGL_1785877846_0,GOOGL,Random,long,False,2026-08-05 13:30:00+00:00,2026-08-05 15:30:00+00:00,383.045,378.3701768149108,True,-0.012204370726909941,-0.012796870354585543,-0.004936139500715142,-0.007268231226194799
GOOGL_1786114270_0,GOOGL,Random,long,False,2026-08-07 14:52:00+00:00,2026-08-07 16:52:00+00:00,354.175,355.19,False,0.002865814922001775,0.002264275894756862,0.00022018728871731064,0.002645627633284464
CAT_1785834754_0,CAT,Random,short,False,2026-08-04 13:31:00+00:00,2026-08-04 15:32:00+00:00,927.835,876.82,False,0.05498283638793533,0.05441565593563247,0.007965903568567079,0.06294873995650241
AMD_1786194011_0,AMD,Random,long,False,2026-08-10 13:30:00+00:00,2026-08-10 15:30:00+00:00,475.64,476.04,False,0.0008409721638213963,0.0002406476778689104,0.0012811056329826709,-0.0004401334691612746
AMZN_1786355051_0,AMZN,Random,short,False,2026-08-10 13:30:00+00:00,2026-08-10 15:30:00+00:00,274.38,276.3351068831666,True,-0.007125544438977283,-0.007730001102639772,0.0012811056329826709,-0.005844438805994612
TSLA_1785727166_0,TSLA,Random,short,False,2026-08-03 13:30:00+00:00,2026-08-03 15:30:00+00:00,310.81,315.0116487286132,True,-0.013518383348712026,-0.014126676866776489,0.007738595578326457,-0.005779787770385569
AMZN_1785775049_0,AMZN,Random,long,False,2026-08-03 16:38:00+00:00,2026-08-03 18:38:00+00:00,284.61,282.58,False,-0.007132567372896359,-0.007728109169933384,0.0018641916547674775,-0.008996759027663837
NFLX_1786620898_0,NFLX,Random,long,False,2026-08-13 13:30:00+00:00,2026-08-13 15:30:00+00:00,76.22,75.64332611395074,True,-0.007565912963123367,-0.008161194830785146,0.0018780978934322956,-0.009444010856555662
CVX_1786393260_0,CVX,Random,long,False,2026-08-11 13:30:00+00:00,2026-08-11 16:49:00+00:00,194.325,196.42,False,0.010780908272224332,0.010174621613258994,-0.0039702265288599214,0.014751134801084254
AAPL_1786611960_0,AAPL,Random,short,False,2026-08-13 13:30:00+00:00,2026-08-13 15:30:00+00:00,304.205,303.68,False,0.0017258098979305858,0.0011266656405923836,0.0018780978934322956,0.0036039077913628814
HD_1787137235_0,HD,Random,short,False,2026-08-19 13:30:00+00:00,2026-08-19 15:33:00+00:00,341.96,345.6220125735608,True,-0.010708891605921256,-0.011315498923079925,0.0007464042785190195,-0.009962487327402236
AMD_1785733473_0,AMD,Random,long,False,2026-08-03 13:30:00+00:00,2026-08-03 15:30:00+00:00,462.485,479.06,False,0.035839000183789826,0.035217683178781156,0.007738595578326457,0.02810040460546337
AAPL_1786035028_0,AAPL,Random,short,False,2026-08-06 16:51:00+00:00,2026-08-06 18:51:00+00:00,311.35,312.135,False,-0.002521278304159269,-0.003122971579124112,0.0008525759508499764,-0.0016687023533092926
GS_1786396740_0,GS,Random,long,False,2026-08-11 13:30:00+00:00,2026-08-11 15:51:00+00:00,1038.125,1032.2634751588691,True,-0.005646261135345831,-0.006242694448670649,-0.0032407377520125014,-0.00240552338333333
META_1785761820_0,META,Random,short,False,2026-08-03 13:30:00+00:00,2026-08-03 15:30:00+00:00,562.8,574.6353826805605,True,-0.02102946460653965,-0.021642266125759146,0.007738595578326457,-0.013290869028213192
AMD_1786372785_0,AMD,Random,short,False,2026-08-10 14:40:00+00:00,2026-08-10 16:42:00+00:00,478.165,475.31,False,0.005970742316982691,0.005374145783412887,-0.0025441020740243347,0.0034266402429583565
HD_1787133665_0,HD,Random,short,False,2026-08-19 13:30:00+00:00,2026-08-19 15:33:00+00:00,341.96,345.6220125735608,True,-0.010708891605921256,-0.011315498923079925,0.0007464042785190195,-0.009962487327402236
WMT_1787316768_0,WMT,Random,short,False,2026-08-21 13:30:00+00:00,2026-08-21 15:30:00+00:00,103.605,102.5,False,0.010665508421408232,0.01007172959281255,-0.00010444000574427736,0.010561068415663954
META_1786131340_0,META,Random,short,False,2026-08-07 19:36:00+00:00,2026-08-10 15:06:00+00:00,592.1,599.28,True,-0.012126330011822173,-0.012733788047239791,0.0014883745009091065,-0.010637955510913066
META_1786081364_0,META,Random,long,False,2026-08-07 13:30:00+00:00,2026-08-07 15:30:00+00:00,585.75,596.66,False,0.018625693555270884,0.018014701436773528,0.0035538261997405396,0.015071867355530344
JPM_1786046820_0,JPM,Random,long,False,2026-08-07 13:30:00+00:00,2026-08-07 15:31:00+00:00,355.48,356.345,False,0.002433329582536281,0.0018320499686710345,0.003488975356679802,-0.001055645774143521
CAT_1785930982_0,CAT,Random,long,False,2026-08-05 13:30:00+00:00,2026-08-05 15:41:00+00:00,871.0,894.98,False,0.027531572904707202,0.026915238861177526,-0.005090796613009152,0.032622369517716354
AMZN_1786152619_0,AMZN,Random,short,False,2026-08-10 13:30:00+00:00,2026-08-10 15:30:00+00:00,274.38,276.3351068831666,True,-0.007125544438977283,-0.007730001102639772,0.0012811056329826709,-0.005844438805994612
NFLX_1786625180_0,NFLX,Random,short,False,2026-08-13 13:30:00+00:00,2026-08-13 15:30:00+00:00,76.22,76.79667388604926,True,-0.007565912963123367,-0.008170633927190307,0.0018780978934322956,-0.005687815069691071
BA_1785789210_0,BA,Random,short,False,2026-08-04 13:30:00+00:00,2026-08-04 15:45:00+00:00,236.52,236.24,False,0.0011838322340606,0.000584362692538587,0.010287524814956095,0.011471357049016695
AMD_1786442378_0,AMD,Random,short,False,2026-08-11 13:30:00+00:00,2026-08-11 15:37:00+00:00,474.745,470.29,False,0.009383985086730773,0.008789437113390863,-0.0032601047106899372,0.006123880376040836
TSLA_1787138993_0,TSLA,Random,long,False,2026-08-19 13:30:00+00:00,2026-08-19 15:30:00+00:00,338.905,348.0,False,0.026836429087797598,0.026220512005469487,0.0008177994703775227,0.026018629617420075
GOOGL_1785809820_0,GOOGL,Random,short,False,2026-08-04 13:30:00+00:00,2026-08-04 15:30:00+00:00,367.5,373.0741981473053,True,-0.015167886115116547,-0.015777169631840504,0.008992545652945605,-0.006175340462170942
TSLA_1786545752_0,TSLA,Random,long,False,2026-08-12 14:43:00+00:00,2026-08-12 16:43:00+00:00,325.23,326.55,False,0.004058666174707071,0.003456411651359348,-0.00018114770007116032,0.004239813874778231
AMD_1785940523_0,AMD,Random,long,False,2026-08-05 14:36:00+00:00,2026-08-05 16:36:00+00:00,484.56,486.955,False,0.004942628363876489,0.004339843622280792,-0.003847643641058718,0.008790272004935207
NFLX_1787257849_0,NFLX,Random,short,False,2026-08-21 13:30:00+00:00,2026-08-21 15:30:00+00:00,80.27,80.1,False,0.00211785224866079,0.0015189432873217168,-0.00010444000574427736,0.0020134122429165124
AMD_1786055580_0,AMD,Random,short,False,2026-08-07 13:30:00+00:00,2026-08-07 15:31:00+00:00,497.98,482.89,False,0.03030242178400744,0.02972042863913449,0.003488975356679802,0.03379139714068724
AAPL_1785838800_0,AAPL,Random,short,False,2026-08-04 13:30:00+00:00,2026-08-04 15:30:00+00:00,302.73,305.75,False,-0.009975886103128051,-0.010582053485004517,0.008992545652945605,-0.000983340450182446
AMD_1785933527_0,AMD,Random,long,False,2026-08-05 13:30:00+00:00,2026-08-05 15:30:00+00:00,484.0,484.85,False,0.001756198347107496,0.0011553248901363666,-0.004936139500715142,0.006692337847822638
WMT_1785934800_0,WMT,Random,short,False,2026-08-05 13:30:00+00:00,2026-08-05 15:33:00+00:00,112.73,111.935,False,0.007052248735917699,0.0064563013009287795,-0.004485056256524622,0.0025671924793930767
NFLX_1786697155_0,NFLX,Random,long,False,2026-08-14 13:30:00+00:00,2026-08-14 15:30:00+00:00,78.53,78.1,False,-0.005475614414873431,-0.006072150085523087,-0.0029864933430100438,-0.002489121071863387
TSLA_1785859854_0,TSLA,Random,short,False,2026-08-04 16:11:00+00:00,2026-08-04 18:11:00+00:00,325.55,325.72,False,-0.0005221932114882755,-0.001122686675454343,0.004417898017476274,0.0038957048059879984
MSFT_1786040322_0,MSFT,Random,short,False,2026-08-06 18:19:00+00:00,2026-08-07 13:49:00+00:00,497.015,501.4891399904082,True,-0.009002022052469583,-0.009607604940567338,0.003034950673928005,-0.005967071378541577
CAT_1786468208_0,CAT,Random,long,False,2026-08-11 17:11:00+00:00,2026-08-11 19:43:00+00:00,845.93,844.945,False,-0.0011643989455391024,-0.0017635205696845402,2.5947067981535454e-05,-0.0011903460135206378
AMD_1786571153_0,AMD,Random,long,False,2026-08-13 13:30:00+00:00,2026-08-13 15:32:00+00:00,482.965,493.94,False,0.022724213969956386,0.022110763476722584,0.0017490190004130213,0.020975194969543365
CVX_1785849462_0,CVX,Random,long,False,2026-08-04 13:31:00+00:00,2026-08-04 15:42:00+00:00,189.5,188.01448391128466,True,-0.00783913503279865,-0.008434253016383786,0.008694852699738576,-0.016533987732537225
TSLA_1786094880_0,TSLA,Random,short,False,2026-08-07 13:30:00+00:00,2026-08-07 15:30:00+00:00,322.295,325.37708258177713,True,-0.009562923972686876,-0.010168843502929459,0.0035538261997405396,-0.006009097772946337
GS_1787039517_0,GS,Random,long,False,2026-08-18 13:30:00+00:00,2026-08-18 16:47:00+00:00,1040.0,1031.045,True,-0.008610576923076874,-0.009205232180345635,-0.0002406316254990326,-0.008369945297577841
AMZN_1787223656_0,AMZN,Random,short,False,2026-08-20 13:30:00+00:00,2026-08-20 15:31:00+00:00,262.52,261.02,False,0.005713850373304852,0.005117099658314417,0.0006984653345778469,0.006412315707882699
AMD_1785852000_0,AMD,Random,short,False,2026-08-04 14:00:00+00:00,2026-08-04 16:01:00+00:00,511.415,522.8807039145514,True,-0.022419569067296363,-0.023033204899486348,0.007100002619927048,-0.015319566447369315
CAT_1785846610_0,CAT,Random,short,False,2026-08-04 13:31:00+00:00,2026-08-04 15:32:00+00:00,927.835,876.82,False,0.05498283638793533,0.05441565593563247,0.007965903568567079,0.06294873995650241
PFE_1785798877_0,PFE,Random,long,False,2026-08-04 13:30:00+00:00,2026-08-04 15:31:00+00:00,24.95,24.794164789093916,True,-0.006245900236716784,-0.006841973874483376,0.009051707137504472,-0.015297607374221256
NVDA_1786404952_0,NVDA,Random,short,False,2026-08-11 13:30:00+00:00,2026-08-11 15:30:00+00:00,222.09,219.265,False,0.012720068440722265,0.01212752271807005,-0.0026274507272292524,0.010092617713493013
TSLA_1787281686_0,TSLA,Random,long,False,2026-08-21 13:30:00+00:00,2026-08-21 15:30:00+00:00,349.88,358.98,False,0.026008917343089077,0.02539349661890067,-0.00010444000574427736,0.026113357348833355
XOM_1786647314_0,XOM,Random,short,False,2026-08-13 18:56:00+00:00,2026-08-14 14:38:00+00:00,158.41,159.685,True,-0.008048734297077198,-0.008653745040878347,-0.0008034761592553563,-0.008852210456332554
TSLA_1787204321_0,TSLA,Random,short,False,2026-08-20 13:30:00+00:00,2026-08-20 15:30:00+00:00,345.95,343.83,False,0.006128053186876703,0.005531551068153284,0.0009204075904249986,0.007048460777301702
NVDA_1786467744_0,NVDA,Random,short,False,2026-08-11 17:03:00+00:00,2026-08-11 19:03:00+00:00,217.61,217.475,False,0.000620375901842829,2.0568185069014255e-05,-0.0009729266932168024,-0.0003525507913739734
BAC_1786136716_0,BAC,Random,short,False,2026-08-10 13:30:00+00:00,2026-08-10 15:30:00+00:00,63.16,63.46683429476303,True,-0.004858047732156923,-0.005461143489523312,0.0012811056329826709,-0.0035769420991742518
CAT_1786459860_0,CAT,Random,long,False,2026-08-11 14:52:00+00:00,2026-08-11 17:07:00+00:00,851.74,846.425,False,-0.006240167187169909,-0.0068362442637344145,-0.0036957589228026055,-0.002544408264367304
WMT_1787010000_0,WMT,Random,short,False,2026-08-18 13:30:00+00:00,2026-08-18 15:30:00+00:00,116.2,115.765,False,0.0037435456110155307,0.00314561235840638,-0.0009300087147668945,0.0028135368962486362
WMT_1787302345_0,WMT,Random,long,False,2026-08-21 13:30:00+00:00,2026-08-21 15:30:00+00:00,103.605,102.5,False,-0.010665508421408232,-0.011258931089555002,-0.00010444000574427736,-0.010561068415663954
TSLA_1785905547_0,TSLA,Random,long,False,2026-08-05 13:30:00+00:00,2026-08-05 15:30:00+00:00,323.65,322.44,False,-0.003738606519388177,-0.004336184082207484,-0.004936139500715142,0.0011975329813269653
AAPL_1786528801_0,AAPL,Random,long,False,2026-08-12 13:30:00+00:00,2026-08-12 15:30:00+00:00,305.075,302.9476036339228,True,-0.0069733552932136345,-0.007568992588849022,-0.003091399584371324,-0.0038819557088423107
HON_1786454056_0,HON,Random,long,False,2026-08-11 13:31:00+00:00,2026-08-11 15:58:00+00:00,243.45,241.37,True,-0.008543848839597357,-0.009138544121709002,-0.0024938783685124477,-0.006049970471084909
BA_1786180469_0,BA,Random,long,False,2026-08-10 13:31:00+00:00,2026-08-10 16:04:00+00:00,232.9,235.39,False,0.01069128381279505,0.010085050912377547,0.0011315289218791769,0.009559754890915872
NVDA_1787055164_0,NVDA,Random,long,False,2026-08-18 13:30:00+00:00,2026-08-18 15:30:00+00:00,220.31,218.91881862029575,True,-0.006314653804658232,-0.006910686202656002,-0.0009300087147668945,-0.005384645089891338
AMD_1786432087_0,AMD,Random,long,False,2026-08-11 13:30:00+00:00,2026-08-11 15:37:00+00:00,474.745,467.8331233253345,True,-0.014559135271915435,-0.01515022246459452,-0.0032601047106899372,-0.011299030561225498
CVX_1785756548_0,CVX,Random,short,False,2026-08-03 13:30:00+00:00,2026-08-03 15:38:00+00:00,194.545,194.875,False,-0.0016962656454806435,-0.002297463764303398,0.008005443701717185,0.006309178056236542
AMZN_1785777829_0,AMZN,Random,short,False,2026-08-03 17:24:00+00:00,2026-08-03 19:24:00+00:00,283.91,284.38,False,-0.0016554541932300992,-0.002256627817833312,0.001968477930587964,0.0003130237373578648
PFE_1786468523_0,PFE,Random,long,False,2026-08-11 17:16:00+00:00,2026-08-11 19:33:00+00:00,26.595,26.62,False,0.0009400263207370863,0.00033964242011474965,0.0003050244668560964,0.0006350018538809898
MSFT_1785756570_0,MSFT,Random,long,False,2026-08-03 13:30:00+00:00,2026-08-03 15:30:00+00:00,476.4,485.775,False,0.01967884130982367,0.019067217492183097,0.007738595578326457,0.011940245731497212
GOOGL_1785776430_0,GOOGL,Random,long,False,2026-08-03 17:01:00+00:00,2026-08-03 19:01:00+00:00,375.795,375.435,False,-0.0009579691054963924,-0.0015572145503994772,0.003022047056645105,-0.0039800161621414976
NFLX_1786657029_0,NFLX,Random,short,False,2026-08-14 13:30:00+00:00,2026-08-14 15:30:00+00:00,78.53,78.1,False,0.005475614414873431,0.004878720715412732,-0.0029864933430100438,0.002489121071863387
AMZN_1787051582_0,AMZN,Random,long,False,2026-08-18 13:30:00+00:00,2026-08-18 15:30:00+00:00,260.7,259.1067684133422,True,-0.006111360132941335,-0.006707514470560172,-0.0009300087147668945,-0.00518135141817444
JPM_1786478820_0,JPM,Random,long,False,2026-08-12 13:30:00+00:00,2026-08-12 15:37:00+00:00,362.585,364.815,False,0.0061502820028407346,0.005546772886374063,-0.003523808294502606,0.00967409029734334
BA_1786363200_0,BA,Random,long,False,2026-08-10 13:31:00+00:00,2026-08-10 16:04:00+00:00,232.9,235.39,False,0.01069128381279505,0.010085050912377547,0.0011315289218791769,0.009559754890915872
AMZN_1786030620_0,AMZN,Random,long,False,2026-08-06 15:37:00+00:00,2026-08-06 17:38:00+00:00,273.99,271.99,False,-0.007299536479433599,-0.007894978125052243,-0.00040343046030111296,-0.006896106019132486
CAT_1785875761_0,CAT,Random,long,False,2026-08-05 13:30:00+00:00,2026-08-05 15:41:00+00:00,871.0,894.98,False,0.027531572904707202,0.026915238861177526,-0.005090796613009152,0.032622369517716354
AAPL_1785750420_0,AAPL,Random,short,False,2026-08-03 13:30:00+00:00,2026-08-03 15:30:00+00:00,309.765,304.01,False,0.018578599906380666,0.01798957035745985,0.007738595578326457,0.026317195484707123
BAC_1786384260_0,BAC,Random,short,False,2026-08-10 17:51:00+00:00,2026-08-10 19:53:00+00:00,63.68,63.775,False,-0.0014918341708543004,-0.0020929095939836717,-0.00011649429825133506,-0.0016083284691056354
PFE_1785927600_0,PFE,Random,short,False,2026-08-05 13:30:00+00:00,2026-08-05 15:31:00+00:00,25.55,25.43,False,0.004696673189823919,0.004099311985376608,-0.004588160998053814,0.00010851219177010485
AMZN_1787304061_0,AMZN,Random,short,False,2026-08-21 13:30:00+00:00,2026-08-21 15:30:00+00:00,260.37,258.6,False,0.006798018204862255,0.00620191818577942,-0.00010444000574427736,0.006693578199117978
AAPL_1786599185_0,AAPL,Random,short,False,2026-08-13 13:30:00+00:00,2026-08-13 15:30:00+00:00,304.205,303.68,False,0.0017258098979305858,0.0011266656405923836,0.0018780978934322956,0.0036039077913628814
CAT_1785851335_0,CAT,Random,long,False,2026-08-04 13:49:00+00:00,2026-08-04 15:50:00+00:00,905.235,893.6026599136538,True,-0.012850077699543383,-0.013442190019227751,0.008592643123261912,-0.021442720822805295
GS_1785808162_0,GS,Random,short,False,2026-08-04 13:30:00+00:00,2026-08-04 15:55:00+00:00,1049.65,1058.66,True,-0.00858381365216987,-0.009189145539927335,0.010320392306377713,0.0017365786542078432
AMZN_1786023331_0,AMZN,Random,short,False,2026-08-06 13:36:00+00:00,2026-08-06 15:37:00+00:00,274.705,274.005,False,0.002548188056278544,0.0019495373739076838,-0.0018569981559878324,0.0006911899002907118
PFE_1785825945_0,PFE,Random,long,False,2026-08-04 13:30:00+00:00,2026-08-04 15:31:00+00:00,24.95,24.794164789093916,True,-0.006245900236716784,-0.006841973874483376,0.009051707137504472,-0.015297607374221256
DIS_1786018493_0,DIS,Random,short,False,2026-08-06 13:32:00+00:00,2026-08-06 15:32:00+00:00,102.8,103.87568220270565,True,-0.010463834656669668,-0.01107029489553546,-0.0015389310597845318,-0.0120027657164542
UNH_1786929628_0,UNH,Random,long,False,2026-08-17 13:30:00+00:00,2026-08-17 15:35:00+00:00,398.24,395.71,True,-0.006352952993170069,-0.006948962418546478,-0.0012624636075542206,-0.005090489385615848
TSLA_1786079669_0,TSLA,Random,short,False,2026-08-07 13:30:00+00:00,2026-08-07 15:30:00+00:00,322.295,325.37708258177713,True,-0.009562923972686876,-0.010168843502929459,0.0035538261997405396,-0.006009097772946337
NVDA_1786956256_0,NVDA,Random,short,False,2026-08-17 13:30:00+00:00,2026-08-17 15:30:00+00:00,225.99,227.49682939362796,True,-0.006667681727633656,-0.007271863591229222,-0.0007149666348903461,-0.0073826483625240025
BA_1786387861_0,BA,Random,short,False,2026-08-10 18:52:00+00:00,2026-08-11 15:02:00+00:00,234.12,235.76,True,-0.0070049547240731425,-0.00760933901219385,0.0007633093990555562,-0.006241645325017586
META_1786615646_0,META,Random,short,False,2026-08-13 13:30:00+00:00,2026-08-13 15:30:00+00:00,580.735,586.49,True,-0.00990985561400648,-0.010515983365700032,0.0018780978934322956,-0.008031757720574184
AMZN_1786082335_0,AMZN,Random,short,False,2026-08-07 13:30:00+00:00,2026-08-07 15:30:00+00:00,272.82,275.12504243489207,True,-0.008448949618400592,-0.009054200563455295,0.0035538261997405396,-0.004895123418660052
AAPL_1785915934_0,AAPL,Random,short,False,2026-08-05 13:30:00+00:00,2026-08-05 15:30:00+00:00,309.26,308.89,False,0.0011964043199896857,0.0005969423239827742,-0.004936139500715142,-0.0037397351807254564
WMT_1787316773_0,WMT,Random,short,False,2026-08-21 13:30:00+00:00,2026-08-21 15:30:00+00:00,103.605,102.5,False,0.010665508421408232,0.01007172959281255,-0.00010444000574427736,0.010561068415663954
META_1786556126_0,META,Random,long,False,2026-08-12 17:36:00+00:00,2026-08-12 19:39:00+00:00,581.82,580.66,False,-0.0019937437695508597,-0.0025923679360390084,7.763673770422308e-05,-0.002071380507255083
GOOGL_1786486787_0,GOOGL,Random,short,False,2026-08-12 13:30:00+00:00,2026-08-12 15:30:00+00:00,346.335,342.16,False,0.012054802431171963,0.011461857429130085,-0.003091399584371324,0.008963402846800639
BA_1786374000_0,BA,Random,long,False,2026-08-10 15:00:00+00:00,2026-08-10 17:50:00+00:00,235.49,234.69,False,-0.0033971718544312246,-0.003994954216609781,-0.0012862442959267195,-0.002110927558504505
AAPL_1785783740_0,AAPL,Random,long,False,2026-08-03 19:03:00+00:00,2026-08-04 14:33:00+00:00,305.565,306.235,False,0.002192659499615557,0.0015915242444926037,0.008417708168538818,-0.006225048668923261
AAPL_1786349520_0,AAPL,Random,long,False,2026-08-10 13:30:00+00:00,2026-08-10 15:30:00+00:00,306.74,306.515,False,-0.0007335202451588252,-0.0013329003189894717,0.0012811056329826709,-0.002014625878141496
AAPL_1786930529_0,AAPL,Random,short,False,2026-08-17 13:30:00+00:00,2026-08-17 15:30:00+00:00,306.21,304.52,False,0.005519088207439293,0.004922220600081739,-0.0007149666348903461,0.004804121572548947
META_1787125218_0,META,Random,long,False,2026-08-19 13:30:00+00:00,2026-08-19 15:30:00+00:00,541.34,550.41,False,0.016754719769460857,0.016144849898560576,0.0008177994703775227,0.015936920299083335
AMD_1785945172_0,AMD,Random,long,False,2026-08-05 15:53:00+00:00,2026-08-05 17:53:00+00:00,483.335,487.01,False,0.007603422057165243,0.0069990413181528766,0.000667799115652512,0.006935622941512731
BA_1786966114_0,BA,Random,long,False,2026-08-17 13:30:00+00:00,2026-08-17 16:00:00+00:00,230.16,228.675,True,-0.0064520333680917474,-0.007047983363072219,-0.0014234921289258962,-0.005028541239165851
HD_1786528078_0,HD,Random,long,False,2026-08-12 13:33:00+00:00,2026-08-12 15:55:00+00:00,351.18,348.675,True,-0.007133094139757379,-0.0077286356208291496,-0.0010999818826513685,-0.00603311225710601
META_1785771981_0,META,Random,long,False,2026-08-03 15:47:00+00:00,2026-08-03 17:47:00+00:00,593.55,590.51,False,-0.005121725212703154,-0.005718473153193293,0.002050508658438366,-0.00717223387114152
AMZN_1786618997_0,AMZN,Random,short,False,2026-08-13 13:30:00+00:00,2026-08-13 15:30:00+00:00,267.235,269.30719803445845,True,-0.007754216455398533,-0.008359050435465809,0.0018780978934322956,-0.005876118561966237
META_1786132574_0,META,Random,long,False,2026-08-07 19:57:00+00:00,2026-08-10 15:27:00+00:00,593.45,598.36,False,0.008273654056786484,0.0076688712991797026,0.0009767836003855557,0.007296870456400928
NVDA_1787306235_0,NVDA,Random,short,False,2026-08-21 13:30:00+00:00,2026-08-21 15:30:00+00:00,218.42,215.81,False,0.011949455178097201,0.011356446948735277,-0.00010444000574427736,0.011845015172352924
GOOGL_1786166400_0,GOOGL,Random,short,False,2026-08-10 13:30:00+00:00,2026-08-10 15:30:00+00:00,355.23,354.525,False,0.0019846296765476668,0.0013856407576779972,0.0012811056329826709,0.0032657353095303376
AMZN_1785790885_0,AMZN,Random,long,False,2026-08-04 13:30:00+00:00,2026-08-04 15:30:00+00:00,276.22,278.41,False,0.007928462819491777,0.007323887114511596,0.008992545652945605,-0.0010640828334538277
META_1787088862_0,META,Random,long,False,2026-08-19 13:30:00+00:00,2026-08-19 15:30:00+00:00,541.34,550.41,False,0.016754719769460857,0.016144849898560576,0.0008177994703775227,0.015936920299083335
AMD_1785945720_0,AMD,Random,short,False,2026-08-05 16:02:00+00:00,2026-08-05 18:02:00+00:00,484.61,486.84,False,-0.00460163843090311,-0.005204580296521266,0.0016027824823012793,-0.0029988559486018307
CAT_1786026952_0,CAT,Random,long,False,2026-08-06 14:38:00+00:00,2026-08-06 17:03:00+00:00,873.835,871.5,False,-0.002672129177705207,-0.003270346435021332,-0.001999117272892592,-0.0006730119048126149
DIS_1786043780_0,DIS,Random,long,False,2026-08-06 19:17:00+00:00,2026-08-07 14:48:00+00:00,104.46,104.56,False,0.0009573042312847058,0.0003569099670253095,0.00416655833181645,-0.0032092541005317443
WMT_1785857902_0,WMT,Random,short,False,2026-08-04 15:39:00+00:00,2026-08-04 17:39:00+00:00,109.84,110.48,False,-0.0058266569555718295,-0.006430334052874187,0.005137186983188657,-0.0006894699723831721
META_1786711649_0,META,Random,short,False,2026-08-14 13:30:00+00:00,2026-08-14 15:30:00+00:00,597.0,592.985,False,0.0067252931323282805,0.006129149465107675,-0.0029864933430100438,0.0037387997893182368
HD_1785937644_0,HD,Random,short,False,2026-08-05 13:48:00+00:00,2026-08-05 15:54:00+00:00,350.25,353.26,True,-0.008593861527480318,-0.0091991994457723,-0.005877803557617911,-0.014471665085098229
NVDA_1787044684_0,NVDA,Random,long,False,2026-08-18 13:30:00+00:00,2026-08-18 15:30:00+00:00,220.31,218.91881862029575,True,-0.006314653804658232,-0.006910686202656002,-0.0009300087147668945,-0.005384645089891338
AAPL_1785862561_0,AAPL,Random,short,False,2026-08-04 16:57:00+00:00,2026-08-04 18:57:00+00:00,308.255,308.75,False,-0.0016058133688017229,-0.002206957199972326,0.00253848301293913,0.0009326696441374072
AMD_1786610117_0,AMD,Random,short,False,2026-08-13 13:30:00+00:00,2026-08-13 15:32:00+00:00,482.965,489.7,True,-0.0139451098940917,-0.014553659524917384,0.0017490190004130213,-0.01219609089367868
AMD_1786102763_0,AMD,Random,long,False,2026-08-07 13:30:00+00:00,2026-08-07 15:31:00+00:00,497.98,486.9510356912953,True,-0.022147404130094972,-0.022733939726937713,0.003488975356679802,-0.025636379486774774
AAPL_1787316773_0,AAPL,Random,short,False,2026-08-21 13:30:00+00:00,2026-08-21 15:30:00+00:00,311.425,310.63,False,0.002552781568596063,0.001954133643159661,-0.00010444000574427736,0.0024483415628517857
HD_1786576875_0,HD,Random,long,False,2026-08-13 13:30:00+00:00,2026-08-13 15:48:00+00:00,346.25,343.5928752360433,True,-0.007674006538503031,-0.008269223569470685,0.0014650454357703069,-0.009139051974273338
BA_1785954420_0,BA,Random,long,False,2026-08-05 18:28:00+00:00,2026-08-06 14:22:00+00:00,239.63,238.575,False,-0.00440262070692321,-0.004999799980716868,-0.0002526430348259723,-0.004149977672097238
META_1787097017_0,META,Random,short,False,2026-08-19 13:30:00+00:00,2026-08-19 15:30:00+00:00,541.34,547.5266717255336,True,-0.01142844002943355,-0.012035479205203758,0.0008177994703775227,-0.010610640559056028
MSFT_1786611579_0,MSFT,Random,long,False,2026-08-13 13:30:00+00:00,2026-08-13 15:30:00+00:00,493.585,493.98,False,0.000800267431141588,0.0001999673607040453,0.0018780978934322956,-0.0010778304622907076
WMT_1787235710_0,WMT,Random,long,False,2026-08-20 14:22:00+00:00,2026-08-20 16:22:00+00:00,103.905,103.75,False,-0.0014917472691401423,-0.0020906725431963924,-0.0005548266656222323,-0.0009369206035179101
GOOGL_1786651620_0,GOOGL,Random,short,False,2026-08-14 13:30:00+00:00,2026-08-14 15:30:00+00:00,346.71,349.02597618016455,True,-0.006679865536513452,-0.007284054712588084,-0.0029864933430100438,-0.009666358879523496
MSFT_1785789253_0,MSFT,Random,short,False,2026-08-04 13:30:00+00:00,2026-08-04 15:30:00+00:00,480.755,488.3237016759326,True,-0.01574336548955846,-0.016352994397524467,0.008992545652945605,-0.0067508198366128536
AAPL_1785996470_0,AAPL,Random,short,False,2026-08-06 13:30:00+00:00,2026-08-06 15:30:00+00:00,314.55,309.81,False,0.015069146399618538,0.014478010546702502,-0.001376319513873514,0.013692826885745024
BA_1785760328_0,BA,Random,short,False,2026-08-03 13:30:00+00:00,2026-08-03 15:37:00+00:00,220.1,222.60619350469142,True,-0.011386612924540795,-0.01199362699651707,0.007845334827682793,-0.0035412780968580027
MSFT_1786147127_0,MSFT,Random,short,False,2026-08-10 13:30:00+00:00,2026-08-10 15:30:00+00:00,503.675,507.25198674668667,True,-0.007101775443860925,-0.007706217841846552,0.0012811056329826709,-0.005820669810878254
AMD_1785934800_0,AMD,Random,long,False,2026-08-05 13:30:00+00:00,2026-08-05 15:30:00+00:00,484.0,484.85,False,0.001756198347107496,0.0011553248901363666,-0.004936139500715142,0.006692337847822638
PG_1786362600_0,PG,Random,long,False,2026-08-10 13:31:00+00:00,2026-08-10 15:43:00+00:00,144.23,145.74,False,0.010469389170075782,0.009863289366514705,0.00043967980964465525,0.010029709360431127
MSFT_1786629088_0,MSFT,Random,long,False,2026-08-13 13:52:00+00:00,2026-08-13 15:52:00+00:00,499.365,495.7568211457291,True,-0.00722553413689575,-0.007821020170603488,-0.0017631236889180668,-0.005462410447977684
GOOGL_1785800648_0,GOOGL,Random,long,False,2026-08-04 13:30:00+00:00,2026-08-04 15:30:00+00:00,367.5,376.135,False,0.023496598639455746,0.022882684854407476,0.008992545652945605,0.01450405298651014
META_1786648851_0,META,Random,short,False,2026-08-13 19:21:00+00:00,2026-08-14 14:51:00+00:00,593.75,599.201038046962,True,-0.00918069565804136,-0.009786385782473372,-0.0013041830224923556,-0.010484878680533716
AMZN_1785739649_0,AMZN,Random,long,False,2026-08-03 13:30:00+00:00,2026-08-03 15:30:00+00:00,278.49,285.72,False,0.02596143488096536,0.025346042637709676,0.007738595578326457,0.018222839302638905
WMT_1786468578_0,WMT,Random,long,False,2026-08-11 17:17:00+00:00,2026-08-11 19:18:00+00:00,112.535,112.81,False,0.0024436841871418036,0.0018423983623769846,-0.00020116415644078067,0.0026448483435825842
AAPL_1786636500_0,AAPL,Random,long,False,2026-08-13 15:55:00+00:00,2026-08-13 17:56:00+00:00,303.33,303.475,False,0.0004780272310687117,-0.00012207955323484398,0.001360167087824271,-0.0008821398567555594
NVDA_1786397717_0,NVDA,Random,long,False,2026-08-11 13:30:00+00:00,2026-08-11 15:30:00+00:00,222.09,219.9846066978449,True,-0.009479910406389735,-0.010074044220001688,-0.0026274507272292524,-0.006852459679160483
TSLA_1787302696_0,TSLA,Random,short,False,2026-08-21 13:30:00+00:00,2026-08-21 15:30:00+00:00,349.88,354.24558857010396,True,-0.012477388161952652,-0.013085056895469682,-0.00010444000574427736,-0.012581828167696929
XOM_1786048620_0,XOM,Random,long,False,2026-08-07 13:30:00+00:00,2026-08-07 15:40:00+00:00,152.4,152.83,False,0.002821522309711222,0.0022200098500635423,0.0031776913099870185,-0.0003561690002757967
UNH_1786107540_0,UNH,Random,long,False,2026-08-07 13:30:00+00:00,2026-08-07 15:39:00+00:00,401.585,408.37,False,0.016895551377666074,0.016285597033142807,0.0030933852140078155,0.013802166163658258
DIS_1785959474_0,DIS,Random,long,False,2026-08-05 19:52:00+00:00,2026-08-06 15:24:00+00:00,101.72,103.52,False,0.017695635076681038,0.017085200825910363,-0.003266575928446591,0.02096221100512763
AMD_1786439869_0,AMD,Random,long,False,2026-08-11 13:30:00+00:00,2026-08-11 15:37:00+00:00,474.745,467.8331233253345,True,-0.014559135271915435,-0.01515022246459452,-0.0032601047106899372,-0.011299030561225498
META_1786402796_0,META,Random,short,False,2026-08-11 13:30:00+00:00,2026-08-11 15:30:00+00:00,596.41,602.2310977871293,True,-0.00976022834481216,-0.010366266293203141,-0.0026274507272292524,-0.012387679072041413
HD_1787258705_0,HD,Random,long,False,2026-08-21 13:30:00+00:00,2026-08-21 16:02:00+00:00,335.785,336.69,False,0.0026951769733607467,0.002093740298179547,0.0012075875664172564,0.0014875894069434903
META_1786605376_0,META,Random,long,False,2026-08-13 13:30:00+00:00,2026-08-13 15:30:00+00:00,580.735,586.07,False,0.009186634179100706,0.008581303797707829,0.0018780978934322956,0.00730853628566841
BA_1786550352_0,BA,Random,long,False,2026-08-12 16:00:00+00:00,2026-08-12 18:52:00+00:00,230.24,232.005,False,0.007665913829047799,0.007061495606217161,0.0019753502198791573,0.005690563609168642
CVX_1787228145_0,CVX,Random,short,False,2026-08-20 13:30:00+00:00,2026-08-20 15:44:00+00:00,208.2,208.615,False,-0.0019932756964458065,-0.0025946520747770485,-0.000763742468650741,-0.0027570181650965475
PFE_1785847036_0,PFE,Random,short,False,2026-08-04 13:30:00+00:00,2026-08-04 15:31:00+00:00,24.95,25.105835210906083,True,-0.006245900236716784,-0.0068498289554743685,0.009051707137504472,0.0028058069007876885
META_1786110754_0,META,Random,short,False,2026-08-07 13:53:00+00:00,2026-08-07 15:56:00+00:00,591.63,597.64,True,-0.010158376012034509,-0.01076465292071438,0.0013080105935907582,-0.00885036541844375
JNJ_1787308800_0,JNJ,Random,short,False,2026-08-21 13:30:00+00:00,2026-08-21 16:16:00+00:00,268.095,270.17,True,-0.0077397937298344655,-0.008344619053669566,0.0006201125341063207,-0.007119681195728145
AMZN_1785775427_0,AMZN,Random,short,False,2026-08-03 16:44:00+00:00,2026-08-03 18:44:00+00:00,284.955,283.91,False,0.0036672457054621743,0.00306926665917151,0.0021878511468040873,0.005855096852266262
NVDA_1786414165_0,NVDA,Random,long,False,2026-08-11 13:30:00+00:00,2026-08-11 15:30:00+00:00,222.09,219.9846066978449,True,-0.009479910406389735,-0.010074044220001688,-0.0026274507272292524,-0.006852459679160483
GS_1786555260_0,GS,Random,long,False,2026-08-12 17:23:00+00:00,2026-08-13 14:35:00+00:00,1037.295,1055.59,False,0.017637219884410804,0.017026820672243703,0.008612879846767285,0.009024340037643519
BAC_1785898271_0,BAC,Random,short,False,2026-08-05 13:30:00+00:00,2026-08-05 15:30:00+00:00,63.04,63.40396484774167,True,-0.005773554056815788,-0.006377199282817658,-0.004936139500715142,-0.01070969355753093
AAPL_1786364649_0,AAPL,Random,long,False,2026-08-10 13:30:00+00:00,2026-08-10 15:30:00+00:00,306.74,306.515,False,-0.0007335202451588252,-0.0013329003189894717,0.0012811056329826709,-0.002014625878141496
WMT_1786350000_0,WMT,Random,short,False,2026-08-10 13:30:00+00:00,2026-08-10 15:30:00+00:00,111.075,111.245,False,-0.0015304974116587822,-0.0021315960396941502,0.0012811056329826709,-0.0002493917786761113
MSFT_1785777308_0,MSFT,Random,long,False,2026-08-03 17:16:00+00:00,2026-08-03 19:16:00+00:00,488.16,488.675,False,0.001054981973123592,0.0004545291197957102,0.0023197715917202544,-0.0012647896185966623
GOOGL_1786724862_0,GOOGL,Random,short,False,2026-08-14 16:28:00+00:00,2026-08-14 18:29:00+00:00,345.37,344.93,False,0.0012739960042852383,0.0006745805772597757,-0.0009205494972384098,0.00035344650704682845
GOOGL_1785773612_0,GOOGL,Random,short,False,2026-08-03 16:14:00+00:00,2026-08-03 18:14:00+00:00,375.17,374.105,False,0.0028387131167204593,0.0022402368016959384,0.0028841701395778685,0.005722883256298328
BAC_1785850920_0,BAC,Random,short,False,2026-08-04 13:42:00+00:00,2026-08-04 15:42:00+00:00,62.69,63.005649875408636,True,-0.0050350913288983445,-0.005638293344300216,0.007788151773822083,0.0027530604449237384
MSFT_1786629694_0,MSFT,Random,short,False,2026-08-13 14:02:00+00:00,2026-08-13 16:02:00+00:00,498.845,494.805,False,0.008098708015515932,0.007503388644513942,-0.0025706940874036244,0.0055280139281123075
HD_1786626902_0,HD,Random,short,False,2026-08-13 13:30:00+00:00,2026-08-13 15:48:00+00:00,346.25,340.83,False,0.01565342960288818,0.015062644425096527,0.0014650454357703069,0.017118475038658487
CVX_1786024809_0,CVX,Random,short,False,2026-08-06 14:01:00+00:00,2026-08-06 16:12:00+00:00,187.31,188.82,True,-0.008061502322353364,-0.008666520729268878,-0.003697049495060889,-0.011758551817414253
META_1785834900_0,META,Random,long,False,2026-08-04 13:30:00+00:00,2026-08-04 15:30:00+00:00,581.635,583.085,False,0.002492972396778148,0.001891657007956793,0.008992545652945605,-0.006499573256167457
JPM_1785877907_0,JPM,Random,long,False,2026-08-05 13:30:00+00:00,2026-08-05 15:37:00+00:00,359.165,359.45,False,0.0007935071624460832,0.00019321114695336483,-0.004884587129950546,0.005678094292396629
AMZN_1786725421_0,AMZN,Random,short,False,2026-08-14 16:38:00+00:00,2026-08-14 18:41:00+00:00,264.215,263.11,False,0.004182200102189393,0.0035845301212564795,-0.0005987676974484879,0.003583432404740905
MSFT_1786633140_0,MSFT,Random,long,False,2026-08-13 14:59:00+00:00,2026-08-13 17:00:00+00:00,497.695,494.069180217103,True,-0.00728522445051083,-0.00788067468077136,-0.0012854627022996779,-0.005999761748211152
NVDA_1787039541_0,NVDA,Random,long,False,2026-08-18 13:30:00+00:00,2026-08-18 15:30:00+00:00,220.31,218.91881862029575,True,-0.006314653804658232,-0.006910686202656002,-0.0009300087147668945,-0.005384645089891338
JPM_1786378249_0,JPM,Random,short,False,2026-08-10 16:11:00+00:00,2026-08-10 18:15:00+00:00,358.26,358.02,False,0.000669904538603272,7.012654792926121e-05,-0.001744208581506257,-0.0010743040429029849
DIS_1785935409_0,DIS,Random,short,False,2026-08-05 13:30:00+00:00,2026-08-05 15:30:00+00:00,102.045,102.72146841163116,True,-0.006629118640121057,-0.007233277358920764,-0.004936139500715142,-0.011565258140836199
WMT_1787292190_0,WMT,Random,long,False,2026-08-21 13:30:00+00:00,2026-08-21 15:30:00+00:00,103.605,102.5,False,-0.010665508421408232,-0.011258931089555002,-0.00010444000574427736,-0.010561068415663954
AMD_1785861065_0,AMD,Random,long,False,2026-08-04 16:32:00+00:00,2026-08-04 18:32:00+00:00,524.85,527.445,False,0.0049442697913690825,0.0043414840652120645,0.003925340542788813,0.0010189292485802692
BAC_1786115161_0,BAC,Random,long,False,2026-08-07 15:07:00+00:00,2026-08-07 17:10:00+00:00,62.9,63.055,False,0.0024642289348171253,0.0018629307869006961,-0.0009703713287617655,0.003434600263578891
AMD_1786032337_0,AMD,Random,long,False,2026-08-06 16:06:00+00:00,2026-08-06 18:13:00+00:00,489.52,490.12,False,0.0012256904722993678,0.0006251352245905117,0.0006377800049459648,0.000587910467353403
CAT_1787102214_0,CAT,Random,short,False,2026-08-19 13:30:00+00:00,2026-08-19 15:34:00+00:00,842.02,811.2,False,0.036602455998669736,0.0360242440086721,0.0005581805908925208,0.03716063658956226
AMZN_1785843300_0,AMZN,Random,long,False,2026-08-04 13:30:00+00:00,2026-08-04 15:30:00+00:00,276.22,278.41,False,0.007928462819491777,0.007323887114511596,0.008992545652945605,-0.0010640828334538277
AAPL_1786351213_0,AAPL,Random,long,False,2026-08-10 13:30:00+00:00,2026-08-10 15:30:00+00:00,306.74,306.515,False,-0.0007335202451588252,-0.0013329003189894717,0.0012811056329826709,-0.002014625878141496
AAPL_1786979103_0,AAPL,Random,short,False,2026-08-17 15:06:00+00:00,2026-08-17 17:06:00+00:00,304.11,303.48,False,0.0020716188221366894,0.001472682112417134,-0.001134810306140821,0.0009368085159958683
NVDA_1787046952_0,NVDA,Random,long,False,2026-08-18 13:30:00+00:00,2026-08-18 15:30:00+00:00,220.31,218.91881862029575,True,-0.006314653804658232,-0.006910686202656002,-0.0009300087147668945,-0.005384645089891338
NVDA_1785865474_0,NVDA,Random,long,False,2026-08-04 17:45:00+00:00,2026-08-04 19:45:00+00:00,211.77,212.87,False,0.005194314586579818,0.004591378878540331,0.0011134992360877227,0.004080815350492095
AAPL_1785829984_0,AAPL,Random,short,False,2026-08-04 13:30:00+00:00,2026-08-04 15:30:00+00:00,302.73,305.75,False,-0.009975886103128051,-0.010582053485004517,0.008992545652945605,-0.000983340450182446
AAPL_1786363189_0,AAPL,Random,short,False,2026-08-10 13:30:00+00:00,2026-08-10 15:30:00+00:00,306.74,306.515,False,0.0007335202451588252,0.00013378043536305118,0.0012811056329826709,0.002014625878141496
BAC_1785778088_0,BAC,Random,short,False,2026-08-03 17:29:00+00:00,2026-08-03 19:31:00+00:00,61.85,62.14,True,-0.0046887631366208105,-0.005291757292749555,0.0018426788191006072,-0.0028460843175202033
PFE_1785845880_0,PFE,Random,short,False,2026-08-04 13:30:00+00:00,2026-08-04 15:31:00+00:00,24.95,25.105835210906083,True,-0.006245900236716784,-0.0068498289554743685,0.009051707137504472,0.0028058069007876885
BAC_1786122501_0,BAC,Random,long,False,2026-08-07 17:09:00+00:00,2026-08-07 19:23:00+00:00,63.03,63.17,False,0.0022211645248293443,0.0016200121718203953,0.001230195471585649,0.0009909690532436954
AAPL_1786365722_0,AAPL,Random,short,False,2026-08-10 13:30:00+00:00,2026-08-10 15:30:00+00:00,306.74,306.515,False,0.0007335202451588252,0.00013378043536305118,0.0012811056329826709,0.002014625878141496
GS_1786108948_0,GS,Random,short,False,2026-08-07 13:30:00+00:00,2026-08-07 17:35:00+00:00,1036.345,1039.97,False,-0.0034978699178362938,-0.004100149323608804,0.0013359273670556782,-0.0021619425507806156
TSLA_1786377862_0,TSLA,Random,short,False,2026-08-10 16:05:00+00:00,2026-08-10 18:05:00+00:00,331.495,329.465,False,0.0061237726059217845,0.005527267918079004,-0.0017632355695638147,0.00436053703635797
HON_1786108354_0,HON,Random,short,False,2026-08-07 13:30:00+00:00,2026-08-07 17:12:00+00:00,240.47,242.58,True,-0.00877448330353059,-0.009379929627409744,0.0015434500648510152,-0.007231033238679574
AMD_1785841271_0,AMD,Random,short,False,2026-08-04 13:30:00+00:00,2026-08-04 15:30:00+00:00,504.62,515.9333629427391,True,-0.022419569067296363,-0.023033204899486348,0.008992545652945605,-0.013427023414350758
AMD_1786114654_0,AMD,Random,short,False,2026-08-07 14:58:00+00:00,2026-08-07 17:00:00+00:00,479.77,479.91,False,-0.00029180649061011366,-0.0008921616810615429,-0.0011906302575386274,-0.001482436748148741
XOM_1786068809_0,XOM,Random,long,False,2026-08-07 13:30:00+00:00,2026-08-07 15:40:00+00:00,152.4,152.83,False,0.002821522309711222,0.0022200098500635423,0.0031776913099870185,-0.0003561690002757967
DIS_1785966279_0,DIS,Random,short,False,2026-08-06 13:32:00+00:00,2026-08-06 15:32:00+00:00,102.8,103.87568220270565,True,-0.010463834656669668,-0.01107029489553546,-0.0015389310597845318,-0.0120027657164542
META_1786389279_0,META,Random,long,False,2026-08-10 19:15:00+00:00,2026-08-11 14:46:00+00:00,592.915,610.59,False,0.02981034380982117,0.029192642913803857,0.0006595197144667608,0.02915082409535441
META_1786339800_0,META,Random,short,False,2026-08-10 13:30:00+00:00,2026-08-10 15:30:00+00:00,599.28,604.3812740627737,True,-0.008512338243849005,-0.009117627233492076,0.0012811056329826709,-0.007231232610866334
AMD_1787073913_0,AMD,Random,short,False,2026-08-18 17:26:00+00:00,2026-08-18 19:29:00+00:00,478.8,482.14,False,-0.006975772765246413,-0.007580139538937658,-9.11304076133268e-05,-0.00706690317285974
GS_1786057824_0,GS,Random,short,False,2026-08-07 13:30:00+00:00,2026-08-07 17:35:00+00:00,1036.345,1039.97,False,-0.0034978699178362938,-0.004100149323608804,0.0013359273670556782,-0.0021619425507806156
TSLA_1786546440_0,TSLA,Random,short,False,2026-08-12 14:54:00+00:00,2026-08-12 16:54:00+00:00,324.39,327.01,False,-0.008076697802028354,-0.008681725328967493,0.0007443462051288652,-0.007332351596899489
AMZN_1787299200_0,AMZN,Random,long,False,2026-08-21 13:30:00+00:00,2026-08-21 15:30:00+00:00,260.37,258.11508580767435,True,-0.008660422446232885,-0.009255047805157401,-0.00010444000574427736,-0.008555982440488608
TSLA_1785970226_0,TSLA,Random,short,False,2026-08-06 13:30:00+00:00,2026-08-06 15:30:00+00:00,316.62,319.8840330501018,True,-0.01030899200967017,-0.010915359315067485,-0.001376319513873514,-0.011685311523543684
AMZN_1786611960_0,AMZN,Random,short,False,2026-08-13 13:30:00+00:00,2026-08-13 15:30:00+00:00,267.235,269.30719803445845,True,-0.007754216455398533,-0.008359050435465809,0.0018780978934322956,-0.005876118561966237
AMZN_1785868164_0,AMZN,Random,long,False,2026-08-04 18:30:00+00:00,2026-08-05 14:00:00+00:00,277.99,276.16,False,-0.006582970610453542,-0.007178842066650426,0.004738477472811864,-0.011321448083265406
MSFT_1786562880_0,MSFT,Random,long,False,2026-08-12 19:28:00+00:00,2026-08-13 14:58:00+00:00,494.58,497.71,False,0.006328602046180576,0.0057249859697758865,0.006586098028052323,-0.00025749598187174705
AMZN_1786040322_0,AMZN,Random,long,False,2026-08-06 18:19:00+00:00,2026-08-07 13:49:00+00:00,271.72,277.19,False,0.020131017223612435,0.01951912218179097,0.003034950673928005,0.01709606654968443
AAPL_1786277215_0,AAPL,Random,short,False,2026-08-10 13:30:00+00:00,2026-08-10 15:30:00+00:00,306.74,306.515,False,0.0007335202451588252,0.00013378043536305118,0.0012811056329826709,0.002014625878141496
AMZN_1786377618_0,AMZN,Random,long,False,2026-08-10 16:01:00+00:00,2026-08-10 18:01:00+00:00,279.47,277.3670317080146,True,-0.007524844498462802,-0.008120150999813225,-0.002163090572153692,-0.00536175392630911
PG_1786103576_0,PG,Random,short,False,2026-08-07 13:31:00+00:00,2026-08-07 16:12:00+00:00,144.595,145.66910617694944,True,-0.0074283770320511255,-0.008033015449795622,0.002918401494221623,-0.0045099755378295026
GS_1786169643_0,GS,Random,long,False,2026-08-10 13:30:00+00:00,2026-08-10 17:34:00+00:00,1037.62,1032.305,False,-0.005122299107572892,-0.005719046703829278,0.0004399756719335457,-0.0055622747795064376
HD_1786542063_0,HD,Random,short,False,2026-08-12 13:42:00+00:00,2026-08-12 16:12:00+00:00,351.105,347.22,False,0.01106506600589563,0.010471526983792723,-0.0006210296153498218,0.010444036390545808
AMZN_1786104647_0,AMZN,Random,long,False,2026-08-07 13:30:00+00:00,2026-08-07 15:30:00+00:00,272.82,278.21,False,0.019756616083864698,0.01914494561535518,0.0035538261997405396,0.016202789884124158
XOM_1786153020_0,XOM,Random,short,False,2026-08-10 13:30:00+00:00,2026-08-10 15:40:00+00:00,154.5,155.735,True,-0.007993527508090681,-0.008598505117878297,0.0008993620352757414,-0.0070941654728149395
JPM_1787274660_0,JPM,Random,long,False,2026-08-21 13:30:00+00:00,2026-08-21 15:32:00+00:00,354.495,352.05,True,-0.006897135361570661,-0.0074928183754494615,0.00024804501364239506,-0.007145180375213056
JPM_1786392123_0,JPM,Random,short,False,2026-08-11 13:30:00+00:00,2026-08-11 15:48:00+00:00,359.93,361.575,True,-0.00457033312032884,-0.005173256197124054,-0.00324719340490498,-0.00781752652523382
PFE_1787182165_0,PFE,Random,short,False,2026-08-20 13:30:00+00:00,2026-08-20 15:30:00+00:00,27.985,27.975,False,0.00035733428622464203,-0.00024263130288026957,0.0009204075904249986,0.0012777418766496407
CAT_1785872419_0,CAT,Random,short,False,2026-08-04 19:41:00+00:00,2026-08-05 15:20:00+00:00,885.04,901.3513242055385,True,-0.01843004181227803,-0.0190412832097846,-0.0005563390304174076,-0.01898638084269544
HD_1786540213_0,HD,Random,short,False,2026-08-12 13:33:00+00:00,2026-08-12 15:55:00+00:00,351.18,353.6179096465297,True,-0.0069420515021632045,-0.007546398037024948,-0.0010999818826513685,-0.008042033384814573
NVDA_1785789060_0,NVDA,Random,long,False,2026-08-04 13:30:00+00:00,2026-08-04 15:30:00+00:00,211.49,209.91,False,-0.007470802402004928,-0.008066141318888609,0.008992545652945605,-0.016463348054950533
AMZN_1786180800_0,AMZN,Random,long,False,2026-08-10 13:30:00+00:00,2026-08-10 15:30:00+00:00,274.38,279.445,False,0.018459800276988014,0.017848907664605784,0.0012811056329826709,0.017178694644005343
TSLA_1786111651_0,TSLA,Random,long,False,2026-08-07 14:08:00+00:00,2026-08-07 16:08:00+00:00,324.65,331.87,False,0.022239334668104238,0.021626175015199145,0.002964010299449482,0.019275324368654756
AMD_1785950429_0,AMD,Random,long,False,2026-08-05 17:21:00+00:00,2026-08-05 19:21:00+00:00,486.35,487.27,False,0.001891641821733181,0.0012906871230500272,0.000401866735805001,0.00148977508592818
TSLA_1786698953_0,TSLA,Random,short,False,2026-08-14 13:30:00+00:00,2026-08-14 15:30:00+00:00,342.17,345.64417743761675,True,-0.01015336656520649,-0.010759640467316256,-0.0029864933430100438,-0.013139859908216533
META_1787061044_0,META,Random,short,False,2026-08-18 13:51:00+00:00,2026-08-18 15:51:00+00:00,547.865,552.2158095673286,True,-0.007941389881318539,-0.008546336199142468,-0.0005529174526767155,-0.008494307333995255
TSLA_1786633111_0,TSLA,Random,short,False,2026-08-13 14:59:00+00:00,2026-08-13 16:59:00+00:00,334.8,336.52,False,-0.005137395459976046,-0.0057406588762769495,-0.0015811191238285227,-0.006718514583804569
AAPL_1786353207_0,AAPL,Random,short,False,2026-08-10 13:30:00+00:00,2026-08-10 15:30:00+00:00,306.74,306.515,False,0.0007335202451588252,0.00013378043536305118,0.0012811056329826709,0.002014625878141496
AMZN_1787131840_0,AMZN,Random,short,False,2026-08-19 13:30:00+00:00,2026-08-19 15:30:00+00:00,260.77,262.87725698096375,True,-0.008080902638201382,-0.008685932688799358,0.0008177994703775227,-0.007263103167823859
AAPL_1786361461_0,AAPL,Random,short,False,2026-08-10 13:30:00+00:00,2026-08-10 15:30:00+00:00,306.74,306.515,False,0.0007335202451588252,0.00013378043536305118,0.0012811056329826709,0.002014625878141496
BAC_1786359600_0,BAC,Random,long,False,2026-08-10 13:30:00+00:00,2026-08-10 15:30:00+00:00,63.16,63.935,False,0.012270424319189344,0.011663244218628188,0.0012811056329826709,0.010989318686206673
AMZN_1786601391_0,AMZN,Random,long,False,2026-08-13 13:30:00+00:00,2026-08-13 15:30:00+00:00,267.235,266.49,False,-0.0027878084831702843,-0.0033859563537191883,0.0018780978934322956,-0.00466590637660258
NFLX_1786635296_0,NFLX,Random,short,False,2026-08-13 15:35:00+00:00,2026-08-13 17:35:00+00:00,76.76,77.14,False,-0.004950495049504955,-0.005553646291907244,0.0014437827107021128,-0.003506712338802842
NVDA_1786397255_0,NVDA,Random,short,False,2026-08-11 13:30:00+00:00,2026-08-11 15:30:00+00:00,222.09,219.265,False,0.012720068440722265,0.01212752271807005,-0.0026274507272292524,0.010092617713493013
BAC_1786537624_0,BAC,Random,long,False,2026-08-12 13:30:00+00:00,2026-08-12 15:30:00+00:00,64.025,64.47,False,0.006950409996095086,0.006346420946812481,-0.003091399584371324,0.01004180958046641
GOOGL_1786783841_0,GOOGL,Random,short,False,2026-08-17 13:30:00+00:00,2026-08-17 15:30:00+00:00,346.265,343.9,False,0.006830029024013418,0.006233948217185814,-0.0007149666348903461,0.0061150623891230715
CAT_1785864430_0,CAT,Random,short,False,2026-08-04 17:28:00+00:00,2026-08-04 19:35:00+00:00,883.49,886.8,False,-0.0037465053367893297,-0.004348933968580715,0.0013287356917850435,-0.0024177696450042863
BAC_1785926047_0,BAC,Random,long,False,2026-08-05 13:30:00+00:00,2026-08-05 15:30:00+00:00,63.04,63.285,False,0.0038864213197968844,0.0032842701123672047,-0.004936139500715142,0.008822560820512027
JNJ_1786129835_0,JNJ,Random,long,False,2026-08-07 19:11:00+00:00,2026-08-10 15:22:00+00:00,257.16,260.32,False,0.01228806968424312,0.0116808789996381,0.0011643250795621007,0.011123744604681018
NFLX_1785757480_0,NFLX,Random,short,False,2026-08-03 13:30:00+00:00,2026-08-03 15:30:00+00:00,72.66,73.48524583304274,True,-0.011357636017653938,-0.011964632698268751,0.007738595578326457,-0.003619040439327481
XOM_1785922500_0,XOM,Random,short,False,2026-08-05 13:30:00+00:00,2026-08-05 15:40:00+00:00,155.035,151.38,False,0.0235753217015513,0.022989291085387498,-0.004949027593406319,0.01862629410814498
NFLX_1786634498_0,NFLX,Random,long,False,2026-08-13 15:22:00+00:00,2026-08-13 17:22:00+00:00,76.695,77.255,False,0.007301649390442755,0.006697449660727495,0.00016728217930084277,0.007134367211141912
HON_1787316023_0,HON,Random,short,False,2026-08-21 13:30:00+00:00,2026-08-21 17:48:00+00:00,219.1,217.485,False,0.007371063441350856,0.006775307352589022,-0.00028721001579656846,0.007083853425554287
META_1785832320_0,META,Random,long,False,2026-08-04 13:30:00+00:00,2026-08-04 15:30:00+00:00,581.635,583.085,False,0.002492972396778148,0.001891657007956793,0.008992545652945605,-0.006499573256167457
DIS_1785947058_0,DIS,Random,short,False,2026-08-05 16:25:00+00:00,2026-08-05 18:25:00+00:00,99.93,100.82,True,-0.008906234364054688,-0.00951175976229246,0.001283930123075594,-0.007622304240979094
HON_1787145300_0,HON,Random,long,False,2026-08-19 13:30:00+00:00,2026-08-19 16:34:00+00:00,226.815,225.5684626336697,True,-0.005495833019554697,-0.006092356562679924,0.00048029492704704246,-0.005976127946601739
CVX_1785781376_0,CVX,Random,short,False,2026-08-03 18:24:00+00:00,2026-08-04 14:05:00+00:00,192.94,189.2,False,0.019384264538198415,0.018795718533119787,0.008131904369332199,0.027516168907530614
TSLA_1786373760_0,TSLA,Random,long,False,2026-08-10 14:56:00+00:00,2026-08-10 16:56:00+00:00,329.92,329.53,False,-0.0011821047526674455,-0.0017812157565146869,-0.0015118036981043304,0.00032969894543688483
AMZN_1785867953_0,AMZN,Random,long,False,2026-08-04 18:26:00+00:00,2026-08-05 13:56:00+00:00,277.965,275.62,False,-0.008436313924414796,-0.009031073708124948,0.004513488661235909,-0.012949802585650705
AMZN_1785777031_0,AMZN,Random,short,False,2026-08-03 17:11:00+00:00,2026-08-03 19:11:00+00:00,284.545,283.205,False,0.0047092726985188404,0.0041119190560453545,0.002498446732851267,0.007207719431370108
WMT_1785832060_0,WMT,Random,long,False,2026-08-04 13:30:00+00:00,2026-08-04 15:30:00+00:00,109.005,109.89,False,0.008118893628732637,0.00751420369953415,0.008992545652945605,-0.0008736520242129675
GOOGL_1786442424_0,GOOGL,Random,long,False,2026-08-11 13:30:00+00:00,2026-08-11 15:30:00+00:00,355.735,353.5287256499182,True,-0.006202016529387899,-0.006798116489482142,-0.0026274507272292524,-0.003574565802158647
NVDA_1787218390_0,NVDA,Random,long,False,2026-08-20 13:30:00+00:00,2026-08-20 15:30:00+00:00,218.58,216.76,False,-0.008326470857352053,-0.00892129652713669,0.0009204075904249986,-0.009246878447777052
PFE_1785845104_0,PFE,Random,short,False,2026-08-04 13:30:00+00:00,2026-08-04 15:31:00+00:00,24.95,25.105835210906083,True,-0.006245900236716784,-0.0068498289554743685,0.009051707137504472,0.0028058069007876885
BA_1786375233_0,BA,Random,short,False,2026-08-10 15:22:00+00:00,2026-08-10 18:20:00+00:00,235.8,234.03,False,0.007506361323155297,0.006910686437483382,-0.0018799542609067021,0.005626407062248595
TSLA_1786418810_0,TSLA,Random,short,False,2026-08-11 13:30:00+00:00,2026-08-11 15:30:00+00:00,332.89,333.15,False,-0.000781038781579424,-0.0013816875994936417,-0.0026274507272292524,-0.0034084895088086764
CVX_1786042166_0,CVX,Random,long,False,2026-08-06 18:50:00+00:00,2026-08-07 14:42:00+00:00,189.2,186.98,True,-0.011733615221987348,-0.012326397218255236,0.004122906844415519,-0.015856522066402867
AMZN_1785838952_0,AMZN,Random,long,False,2026-08-04 13:30:00+00:00,2026-08-04 15:30:00+00:00,276.22,278.41,False,0.007928462819491777,0.007323887114511596,0.008992545652945605,-0.0010640828334538277
BAC_1786623415_0,BAC,Random,long,False,2026-08-13 13:30:00+00:00,2026-08-13 15:30:00+00:00,65.0,64.74031234156986,True,-0.003995194745079034,-0.004592618401135118,0.0018780978934322956,-0.005873292638511329
GOOGL_1787234556_0,GOOGL,Random,short,False,2026-08-20 14:03:00+00:00,2026-08-20 16:03:00+00:00,342.95,339.77,False,0.009272488700976855,0.008677873809730063,-0.0004046099429629857,0.00886787875801387
META_1786053582_0,META,Random,short,False,2026-08-07 13:30:00+00:00,2026-08-07 15:30:00+00:00,585.75,591.6167685440433,True,-0.01001582337864848,-0.010622014730080842,0.0035538261997405396,-0.006461997178907941
GOOGL_1786743725_0,GOOGL,Random,short,False,2026-08-17 13:30:00+00:00,2026-08-17 15:30:00+00:00,346.265,343.9,False,0.006830029024013418,0.006233948217185814,-0.0007149666348903461,0.0061150623891230715
BA_1786370334_0,BA,Random,short,False,2026-08-10 13:59:00+00:00,2026-08-10 16:36:00+00:00,233.46,235.43887228625036,True,-0.008476279817743348,-0.00908154716583831,-0.0006335865524487172,-0.009109866370192066
HD_1786551002_0,HD,Random,long,False,2026-08-12 16:12:00+00:00,2026-08-12 18:46:00+00:00,347.22,344.64,True,-0.007430447554864439,-0.008025810677394607,0.0014435712528644284,-0.008874018807728867
AAPL_1786619886_0,AAPL,Random,short,False,2026-08-13 13:30:00+00:00,2026-08-13 15:30:00+00:00,304.205,303.68,False,0.0017258098979305858,0.0011266656405923836,0.0018780978934322956,0.0036039077913628814
NVDA_1786701420_0,NVDA,Random,long,False,2026-08-14 13:30:00+00:00,2026-08-14 15:30:00+00:00,226.87,224.94899993343984,True,-0.00846740453369843,-0.009062145668637722,-0.0029864933430100438,-0.005480911190688387
HD_1787169372_0,HD,Random,long,False,2026-08-19 19:57:00+00:00,2026-08-20 15:36:00+00:00,343.835,335.91,True,-0.02304884610350877,-0.023634840997378448,-0.0033964252949099105,-0.01965242080859886
BAC_1785937506_0,BAC,Random,long,False,2026-08-05 13:46:00+00:00,2026-08-05 15:46:00+00:00,63.18,63.22,False,0.0006331117442228695,3.291193711851825e-05,-0.004854775797040745,0.005487887541263614
HD_1786589758_0,HD,Random,long,False,2026-08-13 13:30:00+00:00,2026-08-13 15:48:00+00:00,346.25,343.5928752360433,True,-0.007674006538503031,-0.008269223569470685,0.0014650454357703069,-0.009139051974273338
TSLA_1785877625_0,TSLA,Random,long,False,2026-08-05 13:30:00+00:00,2026-08-05 15:30:00+00:00,323.65,322.44,False,-0.003738606519388177,-0.004336184082207484,-0.004936139500715142,0.0011975329813269653
HON_1786354360_0,HON,Random,long,False,2026-08-10 13:32:00+00:00,2026-08-10 18:22:00+00:00,245.61,243.66,True,-0.007939416147551115,-0.008534473980512547,-0.0010472490319411998,-0.006892167115609915
JPM_1786342851_0,JPM,Random,long,False,2026-08-10 13:30:00+00:00,2026-08-10 15:32:00+00:00,357.52,359.305,False,0.004992727679570486,0.004389912887400538,0.001048177336076872,0.0039445503434936136
GS_1785844440_0,GS,Random,short,False,2026-08-04 13:30:00+00:00,2026-08-04 15:55:00+00:00,1049.65,1058.66,True,-0.00858381365216987,-0.009189145539927335,0.010320392306377713,0.0017365786542078432
WMT_1785776987_0,WMT,Random,long,False,2026-08-03 17:10:00+00:00,2026-08-03 19:10:00+00:00,110.62,110.75,False,0.0011751943590669889,0.0005746693999393315,0.002757043021772043,-0.0015818486627050543
BAC_1785921677_0,BAC,Random,long,False,2026-08-05 13:30:00+00:00,2026-08-05 15:30:00+00:00,63.04,63.285,False,0.0038864213197968844,0.0032842701123672047,-0.004936139500715142,0.008822560820512027
DIS_1786289580_0,DIS,Random,short,False,2026-08-10 13:30:00+00:00,2026-08-10 15:32:00+00:00,104.61,103.03,False,0.015103718573750147,0.014512603470363428,0.001048177336076872,0.01615189590982702
GOOGL_1785837013_0,GOOGL,Random,short,False,2026-08-04 13:30:00+00:00,2026-08-04 15:30:00+00:00,367.5,373.0741981473053,True,-0.015167886115116547,-0.015777169631840504,0.008992545652945605,-0.006175340462170942
MSFT_1785832200_0,MSFT,Random,short,False,2026-08-04 13:30:00+00:00,2026-08-04 15:30:00+00:00,480.755,488.3237016759326,True,-0.01574336548955846,-0.016352994397524467,0.008992545652945605,-0.0067508198366128536
TSLA_1786036707_0,TSLA,Random,long,False,2026-08-06 17:19:00+00:00,2026-08-06 19:19:00+00:00,318.295,319.16,False,0.0027176047377432955,0.0021161546099390804,0.0010802720203038074,0.001637332717439488
DIS_1785939300_0,DIS,Random,short,False,2026-08-05 14:15:00+00:00,2026-08-05 16:15:00+00:00,100.43,101.23528390094634,True,-0.00801836006120027,-0.008623352574991028,-0.007330679343975133,-0.015349039405175402
TSLA_1786393236_0,TSLA,Random,long,False,2026-08-11 13:30:00+00:00,2026-08-11 15:30:00+00:00,332.89,333.15,False,0.000781038781579424,0.00018075024487163027,-0.0026274507272292524,0.0034084895088086764
AAPL_1785779596_0,AAPL,Random,long,False,2026-08-03 17:54:00+00:00,2026-08-03 19:54:00+00:00,305.925,303.405,False,-0.00823731306692832,-0.008832192215343593,0.0003168191358757788,-0.008554132202804099
WMT_1787021339_0,WMT,Random,short,False,2026-08-18 13:30:00+00:00,2026-08-18 15:30:00+00:00,116.2,115.765,False,0.0037435456110155307,0.00314561235840638,-0.0009300087147668945,0.0028135368962486362
AMD_1786639392_0,AMD,Random,short,False,2026-08-13 16:46:00+00:00,2026-08-13 19:16:00+00:00,493.135,487.74,False,0.010940209070538498,0.010346595111793144,0.0017192419881391086,0.012659451058677607
AMZN_1785841965_0,AMZN,Random,short,False,2026-08-04 13:30:00+00:00,2026-08-04 15:30:00+00:00,276.22,278.41,False,-0.007928462819491777,-0.008533401378751027,0.008992545652945605,0.0010640828334538277
AMD_1786184400_0,AMD,Random,short,False,2026-08-10 13:30:00+00:00,2026-08-10 15:30:00+00:00,475.64,476.04,False,-0.0008409721638213963,-0.0014416569525563805,0.0012811056329826709,0.0004401334691612746
JPM_1786470178_0,JPM,Random,short,False,2026-08-11 17:43:00+00:00,2026-08-11 19:55:00+00:00,362.395,361.65,False,0.0020557678775920962,0.001456821654451712,-0.0013160453808751527,0.0007397224967169436
AMZN_1785747871_0,AMZN,Random,long,False,2026-08-03 13:30:00+00:00,2026-08-03 15:30:00+00:00,278.49,285.72,False,0.02596143488096536,0.025346042637709676,0.007738595578326457,0.018222839302638905
AAPL_1786411276_0,AAPL,Random,long,False,2026-08-11 13:30:00+00:00,2026-08-11 15:30:00+00:00,307.665,306.67,False,-0.0032340370207856184,-0.0038319172345088193,-0.0026274507272292524,-0.000606586293556366
NFLX_1786617748_0,NFLX,Random,long,False,2026-08-13 13:30:00+00:00,2026-08-13 15:30:00+00:00,76.22,75.64332611395074,True,-0.007565912963123367,-0.008161194830785146,0.0018780978934322956,-0.009444010856555662
MSFT_1785844432_0,MSFT,Random,long,False,2026-08-04 13:30:00+00:00,2026-08-04 15:30:00+00:00,480.755,498.35,False,0.03659868332102634,0.035976910642837145,0.008992545652945605,0.027606137668080732
AMD_1785874500_0,AMD,Random,short,False,2026-08-05 13:30:00+00:00,2026-08-05 15:30:00+00:00,484.0,493.47635539221017,True,-0.019579246678120166,-0.02019117780546531,-0.004936139500715142,-0.024515386178835308
HD_1786608000_0,HD,Random,long,False,2026-08-13 13:30:00+00:00,2026-08-13 15:48:00+00:00,346.25,343.5928752360433,True,-0.007674006538503031,-0.008269223569470685,0.0014650454357703069,-0.009139051974273338
META_1786601652_0,META,Random,short,False,2026-08-13 13:30:00+00:00,2026-08-13 15:30:00+00:00,580.735,586.49,True,-0.00990985561400648,-0.010515983365700032,0.0018780978934322956,-0.008031757720574184
GS_1787317744_0,GS,Random,short,False,2026-08-21 13:30:00+00:00,2026-08-21 16:54:00+00:00,1015.87,1024.72,True,-0.008711744612991845,-0.00931715328236038,3.916500215406238e-05,-0.008672579610837783
UNH_1786631278_0,UNH,Random,short,False,2026-08-13 14:28:00+00:00,2026-08-13 16:30:00+00:00,404.275,402.105,False,0.005367633417846629,0.004770674910345107,-0.0032217694060263646,0.0021458640118202643
WMT_1786650420_0,WMT,Random,long,False,2026-08-13 19:47:00+00:00,2026-08-14 15:17:00+00:00,115.695,114.90642019107212,True,-0.0068160232415218625,-0.007411754908076995,-0.0015685669469516217,-0.005247456294570241
JNJ_1785871390_0,JNJ,Random,long,False,2026-08-04 19:24:00+00:00,2026-08-05 15:07:00+00:00,254.245,256.87,False,0.010324686817833273,0.009718673809644862,0.0009833859531080957,0.009341300864725177
WMT_1787215583_0,WMT,Random,short,False,2026-08-20 13:30:00+00:00,2026-08-20 15:30:00+00:00,106.345,103.61,False,0.025718181390756545,0.025133436876236703,0.0009204075904249986,0.026638588981181544
JPM_1785998400_0,JPM,Random,short,False,2026-08-06 13:30:00+00:00,2026-08-06 15:38:00+00:00,362.5,356.3,False,0.017103448275862076,0.016513533370355993,-0.0019800823194878747,0.015123365956374202
AAPL_1786629317_0,AAPL,Random,short,False,2026-08-13 13:56:00+00:00,2026-08-13 15:56:00+00:00,304.485,303.22,False,0.004154556053664327,0.0035568694813249424,-0.001608689497188065,0.0025458665564762617
TSLA_1785943650_0,TSLA,Random,short,False,2026-08-05 15:28:00+00:00,2026-08-05 17:28:00+00:00,322.26,323.11,False,-0.0026376217960653037,-0.0032393848980736273,-0.0005893896902142703,-0.003227011486279574
JNJ_1785764402_0,JNJ,Random,short,False,2026-08-03 13:41:00+00:00,2026-08-03 15:44:00+00:00,253.025,253.245,False,-0.0008694793004644374,-0.0014701811986141955,0.005348376195734472,0.004478896895270035
AMD_1785953160_0,AMD,Random,long,False,2026-08-05 18:06:00+00:00,2026-08-06 13:36:00+00:00,486.835,470.56,True,-0.03343021763020315,-0.034009985569243395,-0.0022466817740369738,-0.031183535856166178
PFE_1785843559_0,PFE,Random,short,False,2026-08-04 13:30:00+00:00,2026-08-04 15:31:00+00:00,24.95,25.105835210906083,True,-0.006245900236716784,-0.0068498289554743685,0.009051707137504472,0.0028058069007876885
AMZN_1786098000_0,AMZN,Random,long,False,2026-08-07 13:30:00+00:00,2026-08-07 15:30:00+00:00,272.82,278.21,False,0.019756616083864698,0.01914494561535518,0.0035538261997405396,0.016202789884124158
MSFT_1786680139_0,MSFT,Random,short,False,2026-08-14 13:30:00+00:00,2026-08-14 15:30:00+00:00,496.435,497.71,False,-0.0025683120650235036,-0.003170033568713704,-0.0029864933430100438,-0.005554805408033547
HD_1786527467_0,HD,Random,short,False,2026-08-12 13:33:00+00:00,2026-08-12 15:55:00+00:00,351.18,353.6179096465297,True,-0.0069420515021632045,-0.007546398037024948,-0.0010999818826513685,-0.008042033384814573
MSFT_1785773280_0,MSFT,Random,short,False,2026-08-03 16:08:00+00:00,2026-08-03 18:08:00+00:00,486.96,489.04,False,-0.004271398061442611,-0.004874141723377745,0.0029696356409187885,-0.001301762420523822
META_1786124983_0,META,Random,long,False,2026-08-07 17:50:00+00:00,2026-08-07 19:55:00+00:00,592.26,594.18,False,0.0032418194711780757,0.00264005490886432,0.0008740466417187509,0.0023677728294593248
NVDA_1786433112_0,NVDA,Random,long,False,2026-08-11 13:30:00+00:00,2026-08-11 15:30:00+00:00,222.09,219.9846066978449,True,-0.009479910406389735,-0.010074044220001688,-0.0026274507272292524,-0.006852459679160483
NVDA_1786380913_0,NVDA,Random,short,False,2026-08-10 16:56:00+00:00,2026-08-10 18:56:00+00:00,216.95,218.83554932421885,True,-0.008691169966438705,-0.009296566287314567,0.0007377972222581963,-0.007953372744180509
CAT_1785754802_0,CAT,Random,long,False,2026-08-03 13:30:00+00:00,2026-08-03 15:35:00+00:00,810.665,822.8,False,0.014969191959687489,0.01436039308417425,0.007805307609174195,0.007163884350513294
META_1786066403_0,META,Random,long,False,2026-08-07 13:30:00+00:00,2026-08-07 15:30:00+00:00,585.75,596.66,False,0.018625693555270884,0.018014701436773528,0.0035538261997405396,0.015071867355530344
BAC_1785841507_0,BAC,Random,long,False,2026-08-04 13:30:00+00:00,2026-08-04 15:30:00+00:00,62.375,63.385,False,0.016192384769539103,0.015582852198448682,0.008992545652945605,0.007199839116593498
AAPL_1785824127_0,AAPL,Random,long,False,2026-08-04 13:30:00+00:00,2026-08-04 15:30:00+00:00,302.73,305.75,False,0.009975886103128051,0.0093700823126035,0.008992545652945605,0.000983340450182446
GS_1785766970_0,GS,Random,long,False,2026-08-03 14:23:00+00:00,2026-08-03 17:15:00+00:00,1016.86,1011.08,False,-0.005684164978463135,-0.00628057555630257,0.0027436478587616886,-0.008427812837224824
CVX_1785881489_0,CVX,Random,short,False,2026-08-05 13:30:00+00:00,2026-08-05 15:38:00+00:00,190.995,186.64,False,0.022801644022094947,0.022215149060019534,-0.005174569215501745,0.0176270748065932
META_1786626000_0,META,Random,long,False,2026-08-13 13:30:00+00:00,2026-08-13 15:30:00+00:00,580.735,586.07,False,0.009186634179100706,0.008581303797707829,0.0018780978934322956,0.00730853628566841
HON_1787049480_0,HON,Random,long,False,2026-08-18 13:30:00+00:00,2026-08-18 18:43:00+00:00,229.0,227.71,True,-0.005633187772925763,-0.006229628927915343,-0.0007674197786188275,-0.004865767994306935
WMT_1787189360_0,WMT,Random,long,False,2026-08-20 13:30:00+00:00,2026-08-20 15:30:00+00:00,106.345,105.44064254495504,True,-0.008503996003996095,-0.00909871519063754,0.0009204075904249986,-0.009424403594421094
JPM_1787301354_0,JPM,Random,long,False,2026-08-21 13:30:00+00:00,2026-08-21 15:32:00+00:00,354.495,352.05,True,-0.006897135361570661,-0.0074928183754494615,0.00024804501364239506,-0.007145180375213056
JPM_1785845828_0,JPM,Random,long,False,2026-08-04 13:30:00+00:00,2026-08-04 15:35:00+00:00,354.905,361.32,False,0.018075259576506353,0.01746459761934771,0.008920237171818002,0.009155022404688351
AMD_1785750254_0,AMD,Random,short,False,2026-08-03 13:30:00+00:00,2026-08-03 15:30:00+00:00,462.485,475.13,True,-0.027341427289533593,-0.02795801712285728,0.007738595578326457,-0.019602831711207136
META_1786460454_0,META,Random,long,False,2026-08-11 15:01:00+00:00,2026-08-11 17:03:00+00:00,610.23,604.29,True,-0.00973403470822487,-0.010328016092984393,-0.003579967689822272,-0.006154067018402598
XOM_1785827968_0,XOM,Random,long,False,2026-08-04 13:30:00+00:00,2026-08-04 15:35:00+00:00,151.95,149.66,True,-0.015070746956235559,-0.015661527273966303,0.008920237171818002,-0.02399098412805356
AMZN_1786382400_0,AMZN,Random,long,False,2026-08-10 17:20:00+00:00,2026-08-10 19:20:00+00:00,277.47,277.225,False,-0.0008829783400007285,-0.0014822687658689881,0.0001293393346784022,-0.0010123176746791307
AMZN_1786177800_0,AMZN,Random,long,False,2026-08-10 13:30:00+00:00,2026-08-10 15:30:00+00:00,274.38,279.445,False,0.018459800276988014,0.017848907664605784,0.0012811056329826709,0.017178694644005343
GS_1787243700_0,GS,Random,long,False,2026-08-20 16:35:00+00:00,2026-08-20 19:42:00+00:00,1008.14,1003.595,False,-0.004508302418314902,-0.005105418302098652,-0.0037592512824529134,-0.0007490511358619889
META_1786113650_0,META,Random,long,False,2026-08-07 14:41:00+00:00,2026-08-07 16:44:00+00:00,596.58,594.16,False,-0.004056455127560588,-0.004653842038410572,0.0004273282917228727,-0.00448378341928346
TSLA_1786121700_0,TSLA,Random,short,False,2026-08-07 16:55:00+00:00,2026-08-07 18:55:00+00:00,328.05,327.2,False,0.002591068434689925,0.0019924434882667708,-0.001042597557342928,0.0015484708773469968
WMT_1786530634_0,WMT,Random,long,False,2026-08-12 13:30:00+00:00,2026-08-12 15:30:00+00:00,112.405,114.84,False,0.02166273742271252,0.021049923624398392,-0.003091399584371324,0.024754137007083843
BA_1785785947_0,BA,Random,short,False,2026-08-03 19:40:00+00:00,2026-08-04 15:22:00+00:00,233.41,236.52,True,-0.013324193479285373,-0.013932370448463738,0.012269129287598934,-0.001055064191686439
BAC_1786067220_0,BAC,Random,long,False,2026-08-07 13:30:00+00:00,2026-08-07 15:31:00+00:00,62.62,62.83,False,0.0033535611625679085,0.0027517295753465287,0.003488975356679802,-0.0001354141941118936
GS_1786593780_0,GS,Random,long,False,2026-08-13 13:30:00+00:00,2026-08-13 16:16:00+00:00,1041.93,1048.14,False,0.005960093288416735,0.005356698250955194,0.0012585192069392015,0.004701574081477533
TSLA_1786402965_0,TSLA,Random,long,False,2026-08-11 13:30:00+00:00,2026-08-11 15:30:00+00:00,332.89,333.15,False,0.000781038781579424,0.00018075024487163027,-0.0026274507272292524,0.0034084895088086764
AMD_1787092044_0,AMD,Random,short,False,2026-08-19 13:30:00+00:00,2026-08-19 15:30:00+00:00,484.95,466.75,False,0.037529642231157845,0.03695198671984312,0.0008177994703775227,0.03834744170153537
DIS_1786231381_0,DIS,Random,short,False,2026-08-10 13:30:00+00:00,2026-08-10 15:32:00+00:00,104.61,103.03,False,0.015103718573750147,0.014512603470363428,0.001048177336076872,0.01615189590982702
AAPL_1786367502_0,AAPL,Random,long,False,2026-08-10 13:30:00+00:00,2026-08-10 15:30:00+00:00,306.74,306.515,False,-0.0007335202451588252,-0.0013329003189894717,0.0012811056329826709,-0.002014625878141496
WMT_1786958067_0,WMT,Random,long,False,2026-08-17 13:30:00+00:00,2026-08-17 15:34:00+00:00,114.08,114.41,False,0.0028927068723703098,0.002291151714794104,-0.0013268750161028464,0.004219581888473156
CVX_1785770214_0,CVX,Random,long,False,2026-08-03 15:18:00+00:00,2026-08-03 17:47:00+00:00,195.08,193.6714581650487,True,-0.007220329274919557,-0.007815818430607857,0.0028597908115981507,-0.010080120086517708
NVDA_1786403819_0,NVDA,Random,long,False,2026-08-11 13:30:00+00:00,2026-08-11 15:30:00+00:00,222.09,219.9846066978449,True,-0.009479910406389735,-0.010074044220001688,-0.0026274507272292524,-0.006852459679160483
AMD_1786661961_0,AMD,Random,short,False,2026-08-14 13:30:00+00:00,2026-08-14 15:30:00+00:00,487.665,493.7716489710985,True,-0.012522221137663214,-0.013129916779038187,-0.0029864933430100438,-0.015508714480673258
AMD_1786110501_0,AMD,Random,long,False,2026-08-07 13:49:00+00:00,2026-08-07 15:50:00+00:00,489.14,478.30681874380537,True,-0.02214740413009486,-0.022733939726937713,0.0030341143368386447,-0.025181518466933506
AMZN_1786113000_0,AMZN,Random,long,False,2026-08-07 14:30:00+00:00,2026-08-07 16:32:00+00:00,276.17,276.075,False,-0.00034399102002402593,-0.0009436047412955118,-0.0024380464586890582,0.0020940554386650323
DIS_1786073193_0,DIS,Random,short,False,2026-08-07 13:31:00+00:00,2026-08-07 15:32:00+00:00,104.195,104.67,False,-0.004558760017275398,-0.005161676148125016,0.0037809512691804326,-0.0007778087480949658
BA_1786375680_0,BA,Random,long,False,2026-08-10 15:28:00+00:00,2026-08-10 18:26:00+00:00,235.5,234.0,False,-0.006369426751592355,-0.006965426295678201,-0.0014604955345025594,-0.004908931217089796
BA_1785777415_0,BA,Random,long,False,2026-08-03 17:17:00+00:00,2026-08-03 19:21:00+00:00,229.52,232.54,False,0.013157894736842035,0.012550182313726843,0.0023130402601179156,0.01084485447672412
AMD_1785953674_0,AMD,Random,short,False,2026-08-05 18:15:00+00:00,2026-08-06 13:45:00+00:00,486.07,479.895,False,0.012703931532495383,0.012111376124792517,-0.001457631510754065,0.011246300021741318
AMD_1786580940_0,AMD,Random,long,False,2026-08-13 13:30:00+00:00,2026-08-13 15:32:00+00:00,482.965,493.94,False,0.022724213969956386,0.022110763476722584,0.0017490190004130213,0.020975194969543365
AAPL_1785795960_0,AAPL,Random,long,False,2026-08-04 13:30:00+00:00,2026-08-04 15:30:00+00:00,302.73,305.75,False,0.009975886103128051,0.0093700823126035,0.008992545652945605,0.000983340450182446
CAT_1785887935_0,CAT,Random,long,False,2026-08-05 13:30:00+00:00,2026-08-05 15:41:00+00:00,871.0,894.98,False,0.027531572904707202,0.026915238861177526,-0.005090796613009152,0.032622369517716354
BAC_1786559031_0,BAC,Random,short,False,2026-08-12 18:24:00+00:00,2026-08-13 13:55:00+00:00,64.665,64.92482366693196,True,-0.00401799531325997,-0.004620586887920108,0.005031495350070525,0.0010135000368105551
AMZN_1786199700_0,AMZN,Random,long,False,2026-08-10 13:30:00+00:00,2026-08-10 15:30:00+00:00,274.38,279.445,False,0.018459800276988014,0.017848907664605784,0.0012811056329826709,0.017178694644005343
BA_1785786009_0,BA,Random,long,False,2026-08-03 19:41:00+00:00,2026-08-04 15:23:00+00:00,233.54,235.3,False,0.007536182238588651,0.006931841831367969,0.012617984420450146,-0.0050818021818614945
AMD_1785873234_0,AMD,Random,long,False,2026-08-04 19:54:00+00:00,2026-08-05 15:24:00+00:00,526.31,484.0,True,-0.08038988428872706,-0.08094148487797692,0.00025256450108779305,-0.08064244878981486
GOOGL_1785860977_0,GOOGL,Random,long,False,2026-08-04 16:30:00+00:00,2026-08-04 18:30:00+00:00,376.28,380.22,False,0.010470925906240103,0.009864825180914139,0.004146842419988195,0.006324083486251908
UNH_1787333520_0,UNH,Random,short,False,2026-08-21 17:33:00+00:00,2026-08-21 19:44:00+00:00,389.89,389.99,False,-0.00025648259765587156,-0.0008568165874112132,0.0009402669313345324,0.0006837843336786609
AAPL_1786973291_0,AAPL,Random,long,False,2026-08-17 13:30:00+00:00,2026-08-17 15:30:00+00:00,306.21,304.69723755358194,True,-0.004940277738865628,-0.005537134515189224,-0.0007149666348903461,-0.004225311103975282
UNH_1785794957_0,UNH,Random,short,False,2026-08-04 13:30:00+00:00,2026-08-04 15:34:00+00:00,414.39,408.71,False,0.013706894471391728,0.013114941022039805,0.008716458725004372,0.0224233531963961
JNJ_1787242320_0,JNJ,Random,short,False,2026-08-20 16:12:00+00:00,2026-08-20 18:39:00+00:00,271.67,269.35,False,0.008539772518128541,0.007944717865243645,-0.0031660650055160833,0.005373707512612458
AAPL_1785775571_0,AAPL,Random,short,False,2026-08-03 16:47:00+00:00,2026-08-03 18:47:00+00:00,306.265,305.21,False,0.0034447292377516314,0.0028466166415154204,0.0018970315092305956,0.005341760746982227
AMD_1786558077_0,AMD,Random,long,False,2026-08-12 18:08:00+00:00,2026-08-13 13:48:00+00:00,487.56,482.4980774114824,True,-0.010382153147341033,-0.01097574577766336,0.005059065560831577,-0.01544121870817261
AAPL_1786571160_0,AAPL,Random,short,False,2026-08-13 13:30:00+00:00,2026-08-13 15:30:00+00:00,304.205,303.68,False,0.0017258098979305858,0.0011266656405923836,0.0018780978934322956,0.0036039077913628814
AAPL_1785922200_0,AAPL,Random,short,False,2026-08-05 13:30:00+00:00,2026-08-05 15:30:00+00:00,309.26,308.89,False,0.0011964043199896857,0.0005969423239827742,-0.004936139500715142,-0.0037397351807254564
META_1786697141_0,META,Random,long,False,2026-08-14 13:30:00+00:00,2026-08-14 15:30:00+00:00,597.0,592.985,False,-0.0067252931323282805,-0.007321079220622306,-0.0029864933430100438,-0.0037387997893182368
GS_1786631760_0,GS,Random,short,False,2026-08-13 14:36:00+00:00,2026-08-13 18:57:00+00:00,1055.94,1044.55,False,0.010786597723355551,0.010192891570143803,-0.0018927120960341437,0.008893885627321407
JPM_1785781307_0,JPM,Random,short,False,2026-08-03 18:22:00+00:00,2026-08-04 13:58:00+00:00,351.56,354.905,True,-0.009514734326999674,-0.010120624934778055,0.0067207492415248815,-0.0027939850854747927
AMZN_1785760201_0,AMZN,Random,long,False,2026-08-03 13:30:00+00:00,2026-08-03 15:30:00+00:00,278.49,285.72,False,0.02596143488096536,0.025346042637709676,0.007738595578326457,0.018222839302638905
AAPL_1785838785_0,AAPL,Random,short,False,2026-08-04 13:30:00+00:00,2026-08-04 15:30:00+00:00,302.73,305.75,False,-0.009975886103128051,-0.010582053485004517,0.008992545652945605,-0.000983340450182446
AMD_1786725916_0,AMD,Random,long,False,2026-08-14 16:46:00+00:00,2026-08-14 18:47:00+00:00,500.49,507.69,False,0.014385901816220015,0.013777452809832225,0.00014173796515826176,0.014244163851061753
WMT_1786014414_0,WMT,Random,short,False,2026-08-06 13:30:00+00:00,2026-08-06 15:30:00+00:00,114.065,112.0,False,0.018103712795335958,0.017514398228643313,-0.001376319513873514,0.016727393281462444
MSFT_1786041396_0,MSFT,Random,short,False,2026-08-06 18:37:00+00:00,2026-08-07 14:07:00+00:00,497.21,501.68589538470843,True,-0.009002022052469583,-0.00960760494056756,0.00226209048361925,-0.0067399315688503325
PFE_1786647540_0,PFE,Random,long,False,2026-08-13 18:59:00+00:00,2026-08-14 14:32:00+00:00,26.69,26.544666880204996,True,-0.005445227418321652,-0.006041781315701322,-0.0010157832138610878,-0.004429444204460564
GOOGL_1786985318_0,GOOGL,Random,short,False,2026-08-17 16:49:00+00:00,2026-08-17 18:50:00+00:00,343.36,343.94,False,-0.0016891891891890332,-0.002290383060864043,-0.0015743357464543806,-0.0032635249356434137
XOM_1785846517_0,XOM,Random,long,False,2026-08-04 13:30:00+00:00,2026-08-04 15:35:00+00:00,151.95,149.66,True,-0.015070746956235559,-0.015661527273966303,0.008920237171818002,-0.02399098412805356
AMZN_1786402077_0,AMZN,Random,short,False,2026-08-11 13:30:00+00:00,2026-08-11 15:31:00+00:00,278.07,273.12,False,0.017801273060740086,0.01721177697575116,-0.002756563785078381,0.015044709275661705
PFE_1785873319_0,PFE,Random,short,False,2026-08-04 19:56:00+00:00,2026-08-05 15:26:00+00:00,25.305,25.55,True,-0.009681881051175623,-0.01028787197708425,0.0006869912376210596,-0.008994889813554563
PFE_1785853560_0,PFE,Random,long,False,2026-08-04 14:26:00+00:00,2026-08-04 16:26:00+00:00,24.94,25.49,False,0.022052927024859503,0.02143987918299728,0.005904160373472411,0.016148766651387092
BA_1785792790_0,BA,Random,long,False,2026-08-04 13:30:00+00:00,2026-08-04 15:45:00+00:00,236.52,233.18,True,-0.014121427363436467,-0.014712777102096841,0.010287524814956095,-0.024408952178392562
